link,holiday,title,author,rating,reviews,kindle price,paperback price,hardcover price,Reading age,Print length,Language,Grade level,Dimensions,Publisher,Publication date,ISBN-10,ISBN-13,Lexile measure,File size,Page Flip,Word Wise,Enhanced typesetting
https://www.amazon.com/Cajun-Night-Before-Christmas%C2%AE-Christmas/dp/0882899406/ref=sr_1_1?keywords=cajun+christmas+book&qid=1638921453&sr=8-1,Christmas,Cajun Night Before Christmas® (The Night Before Christmas Series),"""Trosclair"" (Author), Howard Jacobs (Editor), James Rice  (Illustrator)",4.9,1319,9.99,,16.19,5 - 8 years,48 pages,English,Kindergarten - 3,8.75 x 0.5 x 11.25 inches,Pelican Publishing,"September 30, 1992",0882899406,978-0882899404,,,,,
https://www.amazon.com/Pete-Cat-Thanksgiving-James-Dean/dp/0062198696?tag=tili07-20,Thanksgiving,Pete the Cat: The First Thanksgiving,"James Dean  (Author, Illustrator) Kimberly Dean  (Author)",4.7,2901,,5.2,,4 - 8 years,16 pages,English,Preschool - 3,7.68 x 0.14 x 7.98 inches,HarperFestival,"October 1, 2013",0062198696,978-0062198693,AD580L,,,,
https://www.amazon.com/10-Fat-Turkeys-Tony-Johnston/dp/0439459486?tag=tili07-20,Thanksgiving,10 Fat Turkeys,Tony Johnston  (Author) Rich Deas (Illustrator),4.8,1727,,5.69,,3 - 5 years,32 pages,English,Preschool - Kindergarten,7.88 x 0.1 x 7.92 inches,Scholastic,"October 1, 2004",0439459486,978-0439459488,AD440L,,,,
https://www.amazon.com/Thanksgiving-Giving-Thanks-Reading-Railroad/dp/0448422867?tag=tili07-20,Thanksgiving,Thanksgiving Is for Giving Thanks! (Reading Railroad Books),Margaret Sutherland  (Author) Sonja Lamut (Author),4.7,1099,,4.99,,3 - 5 years,24 pages,English,,8 x 0.09 x 8 inches,Grosset & Dunlap,"September 11, 2000",0448422867,978-0448422862,420L,,,,
https://www.amazon.com/Twas-Night-Before-Thanksgiving-Bookshelf/dp/0439669375?tag=tili07-20,Thanksgiving,'Twas the Night Before Thanksgiving (Scholastic Bookshelf),"Dav Pilkey  (Author, Illustrator)",4.8,611,,11.98,8.68,3 - 5 years,32 pages,English,Preschool - Kindergarten,9.75 x 0.25 x 7.75 inches,Scholastic Paperbacks,"October 1, 2004",0439669375,978-0439669375,,,,,
https://www.amazon.com/There-Was-Lady-Swallowed-Turkey/dp/0545931908?tag=tili07-20,Thanksgiving,There Was an Old Lady Who Swallowed a Turkey!,Lucille Colandro  (Author) Jared Lee (Illustrator),4.8,2180,3.99,6.1,,4 - 6 years,32 pages,English,Preschool - 1,7.7 x 0.1 x 9.6 inches,Cartwheel Books,"August 30, 2016",0545931908,978-0545931908,AD400L,,,,
https://www.amazon.com/Plump-Perky-Turkey-Teresa-Bateman/dp/0761451889?tag=tili07-20,Thanksgiving,A Plump and Perky Turkey,Teresa Bateman  (Author) Jeff Shelly (Illustrator),4.7,936,0.0,8.45,13.29,4 - 8 years,32 pages,English,Preschool - 3,8.5 x 1 x 7 inches,Two Lions,"September 6, 2013",0761451889,978-0761451884,AD860L,,,,
https://www.amazon.com/Run-Turkey-Diane-Mayr/dp/080278481X?tag=tili07-20,Thanksgiving,"Run, Turkey, Run!",Diane Mayr  (Author) Laura Rader (Illustrator),4.9,404,,12.99,17.98,4 - 7 years,32 pages,English,Preschool - 2,8.08 x 0.13 x 7.81 inches,Bloomsbury USA Childrens,"November 1, 2009",080278481X,978-0802784810,450L,,,,
https://www.amazon.com/This-First-Thanksgiving-Day-Counting/dp/0060541849?tag=tili07-20,Thanksgiving,This First Thanksgiving Day: A Counting Story,Laura Krauss Melmed  (Author) Mark Buehner (Illustrator),4.7,82,,7.99,5.97,4 - 8 years,22 pages,English,Preschool - 3,10.7 x 8.3 x 0.1 inches,HarperCollins,"September 2, 2003",0060541849,978-0060541842,,,,,
https://www.amazon.com/Turkey-Trouble-Wendi-Silvano/dp/0761455299?tag=tili07-20,Thanksgiving,Turkey Trouble,Wendi Silvano  (Author) Lee Harper  (Illustrator),4.8,4644,0.0,21.33,7.99,3 - 7 years,32 pages,English,Preschool - 2,10.63 x 1 x 10.75 inches,Two Lions,"October 1, 2009",0761455299,978-0761455295,AD470L,,,,
https://www.amazon.com/Littlest-Pilgrim-Brandi-Dougherty/dp/0545053722?tag=tili07-20,Thanksgiving,The The Littlest Pilgrim (Littlest Series),Brandi Dougherty  (Author) Kirsten Richards (Illustrator),4.6,113,,3.99,,3 - 5 years,32 pages,English,,8.25 x 0.25 x 8.25 inches,Cartwheel Books,"October 1, 2008",0545053722,978-0545053723,AD510L,,,,
https://www.amazon.com/Thanksgiving-Story-Alice-Dalgliesh/dp/0689710534?tag=tili07-20,Thanksgiving,The Thanksgiving Story,Alice Dalgliesh  (Author) Helen Sewell (Illustrator),4.6,485,7.99,21.6,18.9,5 - 8 years,32 pages,English,Kindergarten - 3,8 x 0.2 x 10 inches,Aladdin,"September 1, 1985",0689710534,978-0689710537,610L,,,,
https://www.amazon.com/Story-Pilgrims-Pictureback-R/dp/0679852921?tag=tili07-20,Thanksgiving,The Story of the Pilgrims (Pictureback(R)),"Katharine Ross (Author), Carolyn Croll  (Author)",4.7,1388,,3.99,,3 - 7 years,24 pages,English,Preschool - 2,7.94 x 0.12 x 8 inches,Random House Books for Young Readers,"September 26, 1995",0679852921,978-0679852926,,,,,
https://www.amazon.com/Squantos-Journey-Story-First-Thanksgiving/dp/0152060448?tag=tili07-20,Thanksgiving,Squanto's Journey: The Story of the First Thanksgiving,Joseph Bruchac  (Author) Greg Shed (Illustrator),4.7,465,,25.86,11.34,4 - 7 years,32 pages,English,Preschool - 3,11 x 0.1 x 9 inches,Clarion Books,"September 1, 2007",0152060448,978-0152060442,750L,,,,
https://www.amazon.com/Turkey-Claus-Wendi-Silvano/dp/0761462392?tag=tili07-20,Thanksgiving,"Turkey Claus (Turkey Trouble, 2)",Wendi Silvano  (Author) Lee Harper  (Illustrator),4.9,1644,0.0,15.99,13.95,3 - 7 years,40 pages,English,Preschool - 2,10.63 x 1 x 10.75 inches,Two Lions,"November 6, 2012",0761462392,978-0761462392,AD470L,,,,
https://www.amazon.com/T-Turkey-True-Thanksgiving-Story/dp/0843125705?tag=tili07-20,Thanksgiving,T is for Turkey: A True Thanksgiving Story,Tanya Lee Stone  (Author) Gerald Kelley (Illustrator),4.5,238,,4.99,,3 - 5 years,24 pages,English,,10 x 0.11 x 8 inches,Price Stern Sloan,"August 20, 2009",0843125705,978-0843125702,,,,,
https://www.amazon.com/Five-Silly-Turkeys-Salina-Yoon/dp/0843114169?tag=tili07-20,Thanksgiving,Five Silly Turkeys,"Salina Yoon  (Author, Illustrator)",4.8,2321,,7.99,15.79,2 - 5 years,10 pages,English,,6.25 x 0.34 x 6.9 inches,Price Stern Sloan,"August 18, 2005",0843114169,978-0843114164,,,,,
https://www.amazon.com/Thanks-Thanksgiving-Julie-Markes/dp/0060510986?tag=tili07-20,Thanksgiving,Thanks for Thanksgiving,Julie Markes  (Author) Doris Barrette (Illustrator),4.8,888,,7.99,9.6,4 - 8 years,32 pages,English,Preschool - 3,8 x 0.25 x 10 inches,HarperCollins,"August 26, 2008",0060510986,978-0060510985,AD290L,,,,
https://www.amazon.com/Thanksgiving-Thanks-Laura-Malone-Elliott/dp/0060002360?tag=tili07-20,Thanksgiving,Thanksgiving Day Thanks,"Laura Malone Elliott (Author), Lynn Munsinger (Illustrator)",4.5,6,,1.58,16.29,4 - 8 years,32 pages,English,Preschool - 3,8.1 x 0.5 x 10.1 inches,Katherine Tegen Books,"August 27, 2013",9780060002367,978-0060002367,570L,,,,
https://www.amazon.com/Thanksgiving-Gail-Gibbons-2004-06-02/dp/B01K3PQWX0?tag=tili07-20,Thanksgiving,Thanksgiving Is... by Gail Gibbons (2004-06-02),,4.0,1,,16.93,38.44,,,,,,Holiday House,"January 1, 1704",,,,,,,
https://www.amazon.com/Night-Before-Thanksgiving-Natasha-Wing/dp/0448425297?tag=tili07-20,Thanksgiving,The Night Before Thanksgiving,Natasha Wing  (Author) Tammie Lyon  (Illustrator),4.8,978,4.99,3.99,,4 - 8 years,32 pages,English,Preschool - 3,8 x 0.11 x 8 inches,Grosset & Dunlap,"August 6, 2001",0448425297,978-0448425290,AD580L,,,,
https://www.amazon.com/Thanksgiving-Rules-Laurie-Friedman/dp/0822579839?tag=tili07-20,Thanksgiving,Thanksgiving Rules,"Laurie Friedman (Author), Teresa Murfin (Illustrator)",4.3,50,0.0,28.56,,5 - 9 years,32 pages,English,Kindergarten - 3,9.75 x 0.5 x 11.25 inches,Carolrhoda Books ®,"August 1, 2009",0822579839,978-0822579830,480,,,,
https://www.amazon.com/Best-Thanksgiving-Ever-Teddy-Slater/dp/0439873908?tag=tili07-20,Thanksgiving,The Best Thanksgiving Ever!,Teddy Slater  (Author) Ethan Long (Illustrator),4.6,26,3.99,12.99,,4 - 8 years,32 pages,English,Preschool - 3,8 x 0.25 x 10 inches,Cartwheel Books,"October 1, 2007",0439873908,978-0439873901,,,,,
https://www.amazon.com/Thanksgiving-Thursday-Magic-Tree-House/dp/0375806156?tag=tili07-20,Thanksgiving,Thanksgiving on Thursday (Magic Tree House #27),Mary Pope Osborne  (Author) Sal Murdocca (Illustrator),4.9,751,5.99,493.17,,6 - 9 years,96 pages,English,1 - 4,5.19 x 0.27 x 7.69 inches,Random House Books for Young Readers,"September 24, 2002",9780375806155,978-0375806155,590L,,,,
https://www.amazon.com/Cranberry-Thanksgiving-Cranberryport-Wende-Devlin/dp/1930900635?tag=tili07-20,Thanksgiving,Cranberry Thanksgiving (Cranberryport),Wende Devlin  (Author) Harry Devlin (Illustrator),4.9,437,,10.0,17.71,5 - 8 years,32 pages,English,Preschool - 3,7.5 x 0.4 x 10 inches,Purple House Press,"September 18, 2012",1930900635,978-1930900639,,,,,
https://www.amazon.com/November-Cynthia-Rylant/dp/0152063420?tag=tili07-20,Thanksgiving,In November,Cynthia Rylant  (Author) Jill Kastner  (Illustrator),4.8,503,4.99,19.25,17.99,4 - 7 years,26 pages,English,Preschool - 3,10.01 x 9.01 x 0.1 inches,HMH Books for Young Readers,"September 1, 2008",0152063420,978-0152063429,AD530L,,,,
https://www.amazon.com/Sharing-Bread-Old-Fashioned-Thanksgiving-Story/dp/0307981827?tag=tili07-20,Thanksgiving,Sharing the Bread: An Old-Fashioned Thanksgiving Story,Pat Zietlow Miller  (Author) Jill McElmurry (Illustrator),4.8,227,4.99,,9.99,4 - 8 years,32 pages,English,Preschool - 3,9.44 x 0.39 x 10.31 inches,Schwartz & Wade,"September 22, 2015",0307981827,978-0307981820,AD340L,,,,
https://www.amazon.com/Turkey-Thanksgiving-Eve-Bunting/dp/0395742129?tag=tili07-20,Thanksgiving,A Turkey for Thanksgiving,Eve Bunting  (Author) Diane de Groat (Illustrator),4.9,617,,14.75,5.83,4 - 7 years,32 pages,English,Preschool - 3,7.75 x 0.16 x 10 inches,Clarion Books,"January 1, 1995",0395742129,978-0395742129,540L,,,,
https://www.amazon.com/If-You-Were-First-Thanksgiving/dp/0439105668?tag=tili07-20,Thanksgiving,If You Were At The First Thanksgiving,Anne Kamma  (Author) Bert Dodson (Illustrator),4.8,46,,8.0,,7 - 10 years,64 pages,English,2 - 5,9 x 0.25 x 7.5 inches,Scholastic Paperbacks,"November 1, 2001",0439105668,978-0439105668,760L,,,,
https://www.amazon.com/Thankful-Eileen-Spinelli/dp/0310000882?tag=tili07-20,Thanksgiving,Thankful,Eileen Spinelli  (Author) Archie Preston (Illustrator),4.7,496,7.99,6.5,8.99,4 - 8 years,32 pages,English,Preschool - 3,8 x 0.38 x 10.25 inches,Zonderkidz,"September 1, 2015",0310000882,978-0310000884,AD370L,,,,
https://www.amazon.com/Very-Stuffed-Turkey-Katharine-Kenah/dp/0545761093?tag=tili07-20,Thanksgiving,The Very Stuffed Turkey,Katharine Kenah  (Author) Binny Talib (Illustrator),4.7,85,3.99,12.99,,3 - 5 years,32 pages,English,Preschool - Kindergarten,8 x 0.25 x 8 inches,Cartwheel Books,"August 25, 2015",0545761093,978-0545761093,AD560L,,,,
https://www.amazon.com/My-First-Thanksgiving-Tomie-dePaola/dp/0448448572?tag=tili07-20,Thanksgiving,My First Thanksgiving,Tomie dePaola  (Author),4.7,221,5.99,5.99,12.76,3 - 5 years,14 pages,English,,7.5 x 0.37 x 8 inches,Grosset & Dunlap,"August 14, 2008",0448448572,978-0448448572,510L,,,,
https://www.amazon.com/Happy-Thanksgiving-Curious-George-tabbed/dp/0547131062?tag=tili07-20,Thanksgiving,"Happy Thanksgiving, Curious George tabbed board book",H. A. Rey (Author),4.7,604,5.99,8.99,3.95,Baby - 3 years,14 pages,English,,9 x 0.48 x 8 inches,HMH Books for Young Readers,"September 20, 2010",0547131062,978-0547131061,560L,,,,
https://www.amazon.com/First-Thanksgiving-Lift-Flap-Book/dp/1442408073?tag=tili07-20,Thanksgiving,The First Thanksgiving: A Lift-the-Flap Book,"Kathryn Lynn Davis (Author, Illustrator)",4.7,616,,5.99,,2 - 4 years,14 pages,English,Preschool and up,6 x 0.5 x 6 inches,Little Simon,"September 21, 2010",1442408073,978-1442408074,AD430L,,,,
https://www.amazon.com/Know-Lady-Swallowed-Picture-Puffins/dp/0140565957?tag=tili07-20,Thanksgiving,I Know an Old Lady Who Swallowed a Pie (Picture Puffin Books),Alison Jackson  (Author) Judy Schachner (Illustrator),4.8,666,,7.99,5.39,3 - 7 years,32 pages,English,,9 x 0.08 x 9.88 inches,Puffin Books,"September 16, 2002",0140565957,978-0140565959,NP,,,,
https://www.amazon.com/Latke-Lucky-Hanukkah-Ellen-Fischer/dp/0761390391/ref=as_li_ss_tl?s=books&ie=UTF8&qid=1512166888&sr=1-1&keywords=Latke+the+Lucky+Dog&linkCode=ll1&tag=familyeducom-20&linkId=4b7367a01a96e270539ed75efea7133f,Hanukkah,"Latke, the Lucky Dog",Ellen Fischer  (Author) Tiphanie Beeke (Illustrator),4.8,264,5.69,11.92,,2 - 8 years,24 pages,English,Preschool - 2,9.5 x 0.25 x 9.75 inches,Kar-Ben Publishing ®,"August 1, 2014",0761390391,978-0761390398,AD440L,,,,
https://www.amazon.com/Dreidel-that-Wouldnt-Spin-Hanukkah/dp/1937786285/ref=as_li_ss_tl?s=books&ie=UTF8&qid=1512166977&sr=1-1&keywords=The+Dreidel+That+Wouldn't+Spin&linkCode=ll1&tag=familyeducom-20&linkId=66fcde64af2e02497e3a986db62850d5,Hanukkah,The Dreidel that Wouldn't Spin: A Toyshop Tale of Hanukkah,Martha Seif Simpson  (Author) Durga Yael Bernhard (Illustrator),4.8,22,,,15.65,4 - 8 years,32 pages,English,Preschool - 2,8.31 x 0.4 x 10.17 inches,Wisdom Tales,"October 1, 2014",9781937786281,978-1937786281,530L,,,,
https://www.amazon.com/Sammy-Spiders-First-Hanukkah-Books/dp/0929371461/ref=as_li_ss_tl?s=books&ie=UTF8&qid=1512167413&sr=1-1&keywords=Sammy+Spider's+First+Hanukkah&linkCode=ll1&tag=familyeducom-20&linkId=a32edf9b2a5bc2cf03f3795c7cb3ff19,Hanukkah,Sammy Spider's First Hanukkah,Sylvia A. Rouss  (Author) Katherine Janus Kahn (Illustrator),4.7,109,7.59,7.99,,3 - 9 years,32 pages,English,Preschool - 3,8.5 x 0.25 x 11.25 inches,Kar-Ben Publishing ®,"August 1, 1993",9780929371467,978-0929371467,,,,,
https://www.amazon.com/Moishes-Miracle-Laura-Krauss-Melmed/dp/0688146821/ref=as_li_ss_tl?ie=UTF8&qid=1512167799&sr=8-1&keywords=Moishe's+Miracle:+A+Hanukkah+Story&linkCode=ll1&tag=familyeducom-20&linkId=284495cb6ff0b0963c4294198a11a69c,Hanukkah,Moishe's Miracle: A Hanukkah Story,Laura Krauss Melmed  (Author) David Slonim  (Illustrator),4.9,20,6.99,5.98,6.97,4 - 8 years,32 pages,English,Preschool - 2,11 x 0.25 x 9.25 inches,HarperCollins,"October 31, 2000",0688146821,978-0688146825,,,,,
https://www.amazon.com/Flying-Latke-Arthur-Yorinks/dp/1534409483/ref=as_li_ss_tl?_encoding=UTF8&qid=1512167927&sr=1-1&linkCode=ll1&tag=familyeducom-20&linkId=b421421fc661f9400f34af9ca6a6d6f8,Hanukkah,The Flying Latke,Arthur Yorinks  (Author) William Steig (Illustrator),4.9,13,,13.99,1.55,5 - 8 years,32 pages,English,Preschool - 3,8.5 x 0.2 x 11 inches,Simon & Schuster Books for Young Readers,"January 28, 2017",1534409483,978-1534409484,,,,,
https://www.amazon.com/Happy-Hanukkah-Corduroy-Don-Freeman/dp/0670011274/ref=as_li_ss_tl?s=books&ie=UTF8&qid=1511973660&sr=1-1&keywords=The+Hannukah+Bear&linkCode=ll1&tag=familyeducom-20&linkId=b295e5f68262db598af76c8e62a4e257,Hanukkah,"Happy Hanukkah, Corduroy",Don Freeman  (Author) Lisa McCue (Illustrator),4.7,133,,6.99,,Baby - 2 years,16 pages,English,,6.06 x 0.41 x 7 inches,Viking Books for Young Readers,"October 1, 2009",0670011274,978-0670011278,,,,,
"https://www.amazon.com/Happy-Hanukkah-Curious-George-tabbed/dp/054775731X/ref=as_li_ss_tl?s=books&ie=UTF8&qid=1512165527&sr=1-1&keywords=Happy+Hanukkah,+Curious+George&linkCode=ll1&tag=familyeducom-20&linkId=db3c2d66e51da243fc205aa903bccd28",Hanukkah,"Happy Hanukkah, Curious George tabbed board book","H. A. Rey (Author), Margret Rey (Author)",4.8,493,5.99,7.23,,Baby - 3 years,14 pages,English,,9 x 0.51 x 8 inches,HMH Books for Young Readers,"September 18, 2012",054775731X,978-0547757315,,,,,
"https://www.amazon.com/Dear-Santa-Love-Rachel-Rosenstein/dp/0553510614/ref=as_li_ss_tl?s=books&ie=UTF8&qid=1512165466&sr=1-1&keywords=Dear+Santa,+Love,+Rachel+Rosenstein&linkCode=ll1&tag=familyeducom-20&linkId=f3093d9b2a0c12a4e85cd93c7c3a3283",Hanukkah,"Dear Santa, Love, Rachel Rosenstein","Amanda Peet (Author), Andrea Troyer (Author), Christine Davenier (Illustrator)",4.3,63,5.99,,7.98,3 - 7 years,40 pages,English,Preschool - 2,9.81 x 0.33 x 9.81 inches,Doubleday Books for Young Readers,"October 20, 2015",0553510614,978-0553510614,AD620L,,,,
https://www.amazon.com/gp/product/B081435LCQ/ref=as_li_tl?ie=UTF8&camp=1789&creative=9325&creativeASIN=B081435LCQ&linkCode=as2&tag=familyeducom-20&linkId=8fac947ea77f04cfb889e37b398cdf19,Kwanzaa,"Let's Celebrate Kwanzaa!: An Introduction To The Pan-Afrikan Holiday, Kwanzaa, For The Whole Family","Arielle Phoenix  (Author, Illustrator)",4.8,67,3.99,11.49,,Baby - 18 years,35 pages,English,,,,"November 6, 2019",,,,19560 KB,Not Enabled,Not Enabled,Not Enabled
https://www.amazon.com/gp/product/B081435LCQ/ref=as_li_tl?ie=UTF8&camp=1789&creative=9325&creativeASIN=B081435LCQ&linkCode=as2&tag=familyeducom-20&linkId=f08f4d4e4c5f650547229216db340667,Kwanzaa,"Let's Celebrate Kwanzaa!: An Introduction To The Pan-Afrikan Holiday, Kwanzaa, For The Whole Family","Arielle Phoenix  (Author, Illustrator)",4.8,67,3.99,11.49,,Baby - 18 years,35 pages,English,,,,"November 6, 2019",,,,19560 KB,Not Enabled,Not Enabled,Not Enabled
https://www.amazon.com/gp/product/0060728167/ref=as_li_tl?ie=UTF8&camp=1789&creative=9325&creativeASIN=0060728167&linkCode=as2&tag=familyeducom-20&linkId=512d11b457a17289b8f2cec1d99c8bfa,Kwanzaa,Li'l Rabbit's Kwanzaa,Donna L. Washington  (Author) Shane W. Evans (Illustrator),4.8,156,,7.99,10.99,4 - 8 years,32 pages,English,Preschool - 2,10.25 x 0.5 x 10.25 inches,Katherine Tegen Books,"September 28, 2010",0060728167,978-0060728168,AD550L,,,,
https://www.amazon.com/gp/product/0060728167/ref=as_li_tl?ie=UTF8&camp=1789&creative=9325&creativeASIN=0060728167&linkCode=as2&tag=familyeducom-20&linkId=86ae54030863ead757f62c1e13d227e1,Kwanzaa,Li'l Rabbit's Kwanzaa,Donna L. Washington  (Author) Shane W. Evans (Illustrator),4.8,156,,7.99,10.99,4 - 8 years,32 pages,English,Preschool - 2,10.25 x 0.5 x 10.25 inches,Katherine Tegen Books,"September 28, 2010",0060728167,978-0060728168,AD550L,,,,
https://www.amazon.com/gp/product/1250050464/ref=as_li_tl?ie=UTF8&camp=1789&creative=9325&creativeASIN=1250050464&linkCode=as2&tag=familyeducom-20&linkId=e0e4d6e3251b7f60e1aba2365dd8f112,Kwanzaa,My First Kwanzaa (My First Holiday),"Karen Katz  (Author, Illustrator)",4.8,345,,6.09,49.0,2 - 5 years,32 pages,English,Preschool - Kindergarten,7.99 x 0.1 x 8.91 inches,Square Fish,"October 14, 2014",1250050464,978-1250050465,AD580L,,,,
https://www.amazon.com/gp/product/1250050464/ref=as_li_tl?ie=UTF8&camp=1789&creative=9325&creativeASIN=1250050464&linkCode=as2&tag=familyeducom-20&linkId=13a38957f1f7d94ad2b048663c73ac8c,Kwanzaa,My First Kwanzaa (My First Holiday),"Karen Katz  (Author, Illustrator)",4.8,345,,6.09,49.0,2 - 5 years,32 pages,English,Preschool - Kindergarten,7.99 x 0.1 x 8.91 inches,Square Fish,"October 14, 2014",1250050464,978-1250050465,AD580L,,,,
https://www.amazon.com/gp/product/1426328494/ref=as_li_tl?ie=UTF8&camp=1789&creative=9325&creativeASIN=1426328494&linkCode=as2&tag=familyeducom-20&linkId=814f84629324d1dc81655a043a5ed80d,Kwanzaa,Holidays Around the World: Celebrate Kwanzaa,Carolyn Otto  (Author),4.8,144,,7.99,,6 - 9 years,32 pages,English,1 - 4,8.5 x 0.13 x 10 inches,National Geographic Kids,"September 5, 2017",1426328494,978-1426328497,780L,,,,
https://www.amazon.com/gp/product/1426328494/ref=as_li_tl?ie=UTF8&camp=1789&creative=9325&creativeASIN=1426328494&linkCode=as2&tag=familyeducom-20&linkId=3637bcf2ef0ccfc5fb29adfc01336e1c,Kwanzaa,Holidays Around the World: Celebrate Kwanzaa,Carolyn Otto  (Author),4.8,144,,7.99,,6 - 9 years,32 pages,English,1 - 4,8.5 x 0.13 x 10 inches,National Geographic Kids,"September 5, 2017",1426328494,978-1426328497,780L,,,,
https://www.amazon.com/gp/product/1699236003/ref=as_li_tl?ie=UTF8&camp=1789&creative=9325&creativeASIN=1699236003&linkCode=as2&tag=familyeducom-20&linkId=03bcaae44b7390f5071f638c1d879ba5,Kwanzaa,Kwanzaa Coloring Book For Kids: Fun Activity For Young Children To Celebrate Kwanzaa Boys And Girls Will Learn And Ask Questions About This Important Holiday,Special Memories Journals (Author),5.0,3,,5.99,,,45 pages,English,,8.5 x 0.11 x 11 inches,,"October 11, 2019",1699236003,978-1699236000,,,,,
https://www.amazon.com/gp/product/1699236003/ref=as_li_tl?ie=UTF8&camp=1789&creative=9325&creativeASIN=1699236003&linkCode=as2&tag=familyeducom-20&linkId=9e8b12903ba4aa75914cb0dbcaa88c37,Kwanzaa,Kwanzaa Coloring Book For Kids: Fun Activity For Young Children To Celebrate Kwanzaa Boys And Girls Will Learn And Ask Questions About This Important Holiday,Special Memories Journals (Author),5.0,3,,5.99,,,45 pages,English,,8.5 x 0.11 x 11 inches,,"October 11, 2019",1699236003,978-1699236000,,,,,
https://www.amazon.com/gp/product/0807573167/ref=as_li_tl?ie=UTF8&camp=1789&creative=9325&creativeASIN=0807573167&linkCode=as2&tag=familyeducom-20&linkId=0eedb479b59aadaac1cc13e5020eb8e1,Kwanzaa,Seven Spools of Thread: A Kwanzaa Story (Albert Whitman Prairie Paperback),Angela Shelf Medearis  (Author) Daniel Minter (Illustrator),4.8,258,5.99,6.23,26.77,4 - 8 years,40 pages,English,Preschool - 3,8 x 0.2 x 10 inches,Albert Whitman & Company,"September 1, 2000",0807573167,978-0807573167,610L,,,,
https://www.amazon.com/gp/product/0807573167/ref=as_li_tl?ie=UTF8&camp=1789&creative=9325&creativeASIN=0807573167&linkCode=as2&tag=familyeducom-20&linkId=39b0f51af4d23b381dc4d4a04661d008,Kwanzaa,Seven Spools of Thread: A Kwanzaa Story (Albert Whitman Prairie Paperback),Angela Shelf Medearis  (Author) Daniel Minter (Illustrator),4.8,258,5.99,6.23,26.77,4 - 8 years,40 pages,English,Preschool - 3,8 x 0.2 x 10 inches,Albert Whitman & Company,"September 1, 2000",0807573167,978-0807573167,610L,,,,
https://www.amazon.com/gp/product/0375803297/ref=as_li_tl?ie=UTF8&camp=1789&creative=9325&creativeASIN=0375803297&linkCode=as2&tag=familyeducom-20&linkId=2ef173ddbb91e9d4169442688f1d937d,Kwanzaa,Together for Kwanzaa (Pictureback(R)),Juwanda G. Ford  (Author) Shelly Hehenberger (Author),4.8,657,3.99,3.99,,3 - 7 years,24 pages,English,Preschool - 2,8 x 0.13 x 8.06 inches,Random House Books for Young Readers,"August 8, 2000",0375803297,978-0375803291,750L,,,,
https://www.amazon.com/gp/product/0375803297/ref=as_li_tl?ie=UTF8&camp=1789&creative=9325&creativeASIN=0375803297&linkCode=as2&tag=familyeducom-20&linkId=b181e1f96258aec3644d5bbd00046eb7,Kwanzaa,Together for Kwanzaa (Pictureback(R)),Juwanda G. Ford  (Author) Shelly Hehenberger (Author),4.8,657,3.99,3.99,,3 - 7 years,24 pages,English,Preschool - 2,8 x 0.13 x 8.06 inches,Random House Books for Young Readers,"August 8, 2000",0375803297,978-0375803291,750L,,,,
https://www.amazon.com/gp/product/0761385886/ref=as_li_tl?ie=UTF8&camp=1789&creative=9325&creativeASIN=0761385886&linkCode=as2&tag=familyeducom-20&linkId=fda71ad8ae65307aff7a9b8a7dc9cfa6,Kwanzaa,Kevin's Kwanzaa (Cloverleaf Books ™ ― Fall and Winter Holidays),Lisa Bullard  (Author) Constanza Basaluzzo (Illustrator),4.6,71,0.0,7.79,,5 - 8 years,24 pages,English,Kindergarten - 2,9.5 x 0.07 x 9.75 inches,Millbrook Press ™,"August 1, 2012",0761385886,978-0761385882,AD490L,,,,
https://www.amazon.com/gp/product/0761385886/ref=as_li_tl?ie=UTF8&camp=1789&creative=9325&creativeASIN=0761385886&linkCode=as2&tag=familyeducom-20&linkId=d24eed59af2a5619d9d6272cace10862,Kwanzaa,Kevin's Kwanzaa (Cloverleaf Books ™ ― Fall and Winter Holidays),Lisa Bullard  (Author) Constanza Basaluzzo (Illustrator),4.6,71,0.0,7.79,,5 - 8 years,24 pages,English,Kindergarten - 2,9.5 x 0.07 x 9.75 inches,Millbrook Press ™,"August 1, 2012",0761385886,978-0761385882,AD490L,,,,
https://www.amazon.com/gp/product/0999496158/ref=as_li_tl?ie=UTF8&camp=1789&creative=9325&creativeASIN=0999496158&linkCode=as2&tag=familyeducom-20&linkId=a833fdcabdc704fe0bec9a3202b87c0e,Kwanzaa,Mr. Shipman's Kindergarten Chronicles: December Celebrations (1) (Mr. Shipman Kindergarten Chronicles),"Terance Shipman (Author), Prudence Williams (Editor), Milan Ristic (Illustrator)",4.4,83,2.99,10.0,20.0,4 - 10 years,42 pages,English,,8.5 x 0.11 x 8.5 inches,Team Shipman Publishing,"October 27, 2017",0999496158,978-0999496152,,,,,
https://www.amazon.com/gp/product/0999496158/ref=as_li_tl?ie=UTF8&camp=1789&creative=9325&creativeASIN=0999496158&linkCode=as2&tag=familyeducom-20&linkId=185cd20d425756e0b09457c465ae04c6,Kwanzaa,Mr. Shipman's Kindergarten Chronicles: December Celebrations (1) (Mr. Shipman Kindergarten Chronicles),"Terance Shipman (Author), Prudence Williams (Editor), Milan Ristic (Illustrator)",4.4,83,2.99,10.0,20.0,4 - 10 years,42 pages,English,,8.5 x 0.11 x 8.5 inches,Team Shipman Publishing,"October 27, 2017",0999496158,978-0999496152,,,,,
https://www.amazon.com/gp/product/0531273547/ref=as_li_tl?ie=UTF8&camp=1789&creative=9325&creativeASIN=0531273547&linkCode=as2&tag=familyeducom-20&linkId=014bb600db3a11e153bd872a5a671966,Kwanzaa,Kwanzaa (Rookie Read-About Holidays),Lisa M. Herrington  (Author),4.6,64,,5.95,,3 - 6 years,32 pages,English,1 - 2,5.9 x 0.1 x 7 inches,Children's Press,"September 1, 2013",0531273547,978-0531273548,NC560L,,,,
https://www.amazon.com/gp/product/0531273547/ref=as_li_tl?ie=UTF8&camp=1789&creative=9325&creativeASIN=0531273547&linkCode=as2&tag=familyeducom-20&linkId=d9882d6af627bbbd657f3f3612077fc0,Kwanzaa,Kwanzaa (Rookie Read-About Holidays),Lisa M. Herrington  (Author),4.6,64,,5.95,,3 - 6 years,32 pages,English,1 - 2,5.9 x 0.1 x 7 inches,Children's Press,"September 1, 2013",0531273547,978-0531273548,NC560L,,,,
https://www.amazon.com/gp/product/0590481401/ref=as_li_tl?ie=UTF8&camp=1789&creative=390957&creativeASIN=0590481401&linkCode=as2&tag=thedsponit02-20&linkId=DVG2Z3FY3YCOR3DX,Christmas,That's Not Santa (Hello Reader (Level 1)),Leonard Kessler (Author),4.6,20,,5.48,,4 - 8 years,,English,1 - 2,6.25 x 0.25 x 9 inches,Cartwheel Books,"October 1, 1994",0590481401,978-0590481403,250L,,,,
https://www.amazon.com/gp/product/0803740107/ref=as_li_tl?ie=UTF8&camp=1789&creative=390957&creativeASIN=0803740107&linkCode=as2&tag=thedsponit02-20&linkId=4T4P3FN6THQ4TGSI,Christmas,"Merry Christmas, Mr. Mouse",Caralyn Buehner  (Author) Mark Buehner (Illustrator),4.8,43,10.99,5.95,14.6,3 - 5 years,40 pages,English,,8.85 x 0.38 x 10.8 inches,Dial Books,"October 20, 2015",0803740107,978-0803740105,820L,,,,
https://www.amazon.com/gp/product/0545436540/ref=as_li_tl?ie=UTF8&camp=1789&creative=390957&creativeASIN=0545436540&linkCode=as2&tag=thedsponit02-20&linkId=JSJD75LDIKRYGQO5,Christmas,The Littlest Elf (Littlest Series),Brandi Dougherty  (Author) Kirsten Richards (Illustrator),4.8,737,2.99,4.99,8.18,3 - 5 years,24 pages,English,Preschool - Kindergarten,8 x 0.25 x 8 inches,Scholastic Inc.,"September 1, 2012",0545436540,978-0545436540,560,,,,
https://www.amazon.com/gp/product/0439540070/ref=as_li_tl?ie=UTF8&camp=1789&creative=390957&creativeASIN=0439540070&linkCode=as2&tag=thedsponit02-20&linkId=R5V526YJWQVT2AAX,Christmas,The Littlest Christmas Tree,R. A. Herman  (Author) Jacqueline Rogers (Illustrator),4.8,783,1.99,6.92,,4 - 8 years,32 pages,English,Preschool - 3,7.8 x 0.1 x 7.8 inches,Cartwheel Books,"October 1, 2007",0439540070,978-0439540070,,,,,
https://www.amazon.com/gp/product/054724830X/ref=as_li_tl?ie=UTF8&camp=1789&creative=390957&creativeASIN=054724830X&linkCode=as2&tag=thedsponit02-20&linkId=XH5NMG26FIMRN3AJ,Christmas,Tree of Cranes,Allen Say  (Author),4.7,107,5.99,6.59,7.97,4 - 7 years,32 pages,English,Preschool - 3,9.75 x 0.13 x 11 inches,HMH Books for Young Readers,"November 16, 2009",054724830X,978-0547248301,470L,,,,
https://www.amazon.com/gp/product/1454913576/ref=as_li_tl?ie=UTF8&camp=1789&creative=390957&creativeASIN=1454913576&linkCode=as2&tag=thedsponit02-20&linkId=KNJPM4DHDK3A5QJW,Christmas,A Pirate's Night Before Christmas,Philip Yates  (Author) Sebastiá Serra (Illustrator),4.9,195,,7.95,14.95,3 - 6 years,32 pages,English,Preschool - 1,11 x 0.28 x 10 inches,Sterling Children's Books,"October 7, 2014",1454913576,978-1454913573,AD780L,,,,
https://www.amazon.com/gp/product/0670016349/ref=as_li_tl?ie=UTF8&camp=1789&creative=390957&creativeASIN=0670016349&linkCode=as2&tag=thedsponit02-20&linkId=KLGGONLDCHNNI6HL,Christmas,'Twas Nochebuena,Roseanne Greenfield Thong  (Author) Sara Palacios  (Illustrator),4.9,283,9.99,18.71,15.29,3 - 5 years,40 pages,English,,10.88 x 0.32 x 9.81 inches,Viking Books for Young Readers,"October 16, 2014",0670016349,978-0670016341,AD830L,,,,
https://www.amazon.com/gp/product/0803729952/ref=as_li_tl?ie=UTF8&camp=1789&creative=390957&creativeASIN=0803729952&linkCode=as2&tag=thedsponit02-20&linkId=JZCLGQWEMRZWOQ6C,Christmas,Snowmen at Christmas,Caralyn Buehner  (Author) Mark Buehner (Illustrator),4.9,1019,6.99,7.99,15.1,3 - 7 years,32 pages,English,Preschool - 2,9.88 x 0.39 x 11.31 inches,Dial Books,"September 15, 2005",0803729952,978-0803729957,AD700L,,,,
https://www.amazon.com/gp/product/0689846681/ref=as_li_tl?ie=UTF8&camp=1789&creative=390957&creativeASIN=0689846681&linkCode=as2&tag=thedsponit02-20&linkId=LRWLUGO5KBN5SOFB,Christmas,How Santa Got His Job,Stephen Krensky  (Author) S.D. Schindler (Illustrator),4.8,382,,6.29,18.68,4 - 8 years,32 pages,English,Preschool - 3,10.5 x 0.2 x 8.38 inches,Simon & Schuster Books for Young Readers,"October 1, 2002",0689846681,978-0689846687,AD570L,,,,
https://www.amazon.com/gp/product/0439330408/ref=as_li_tl?ie=UTF8&camp=1789&creative=390957&creativeASIN=0439330408&linkCode=as2&tag=thedsponit02-20&linkId=L2XNFHJNINI6NWDI,Christmas,Mooseltoe,Margie Palatini  (Author) Henry Cole (Illustrator),4.8,234,,18.99,44.99,2 - 6 years,28 pages,English,,,Scholastic Inc,"November 1, 2001",0439330408,978-0439330404,520L,,,,
https://www.amazon.com/gp/product/0811818071/ref=as_li_tl?ie=UTF8&camp=1789&creative=390957&creativeASIN=0811818071&linkCode=as2&tag=thedsponit02-20&linkId=DOJ4R73ASUMH5MJX,Christmas,"Olive, the Other Reindeer (Olive, OLIV)","Vivian Walsh  (Author) J.otto Seibold (Author, Illustrator)",4.8,943,0.0,10.49,10.99,Baby - 12 years,40 pages,English,Preschool - 7,7.65 x 0.5 x 9.55 inches,Chronicle Books,"October 1, 1997",9780811818070,978-0811818070,590L,,,,
https://www.amazon.com/gp/product/0811852059/ref=as_li_tl?ie=UTF8&camp=1789&creative=390957&creativeASIN=0811852059&linkCode=as2&tag=thedsponit02-20&linkId=CR6H2E7MZFLE3JDJ,Christmas,N Is for Navidad,"Susan Middleton Elya  (Author) Merry Banks (Author), Joe Cepeda  (Illustrator)",5.0,12,,,91.7,5 - 6 years,40 pages,English,Preschool - 4,9 x 0.5 x 10.9 inches,Chronicle Books,"September 27, 2007",0811852059,978-0811852050,,,,,
https://www.amazon.com/gp/product/1604332379/ref=as_li_tl?ie=UTF8&camp=1789&creative=390957&creativeASIN=1604332379&linkCode=as2&tag=thedsponit02-20&linkId=BSENXDEUXNASI5NY,Christmas,"The Night Before Christmas Hardcover: The Classic Edition, The New York Times Bestseller (Christmas Book)","Clement Moore (Author), Charles Santore (Illustrator)",4.9,7484,,7.67,11.78,Baby and up,48 pages,English,,10.5 x 0.5 x 11 inches,Applesauce Press,"October 11, 2011",1604332379,978-1604332377,AD940L,,,,
https://www.amazon.com/gp/product/0060580240/ref=as_li_tl?ie=UTF8&camp=1789&creative=390957&creativeASIN=0060580240&linkCode=as2&tag=thedsponit02-20&linkId=T5NXLV2M3KYQ2FB5,Christmas,Christmas Cookies: Bite-Size Holiday Lessons,Amy Krouse Rosenthal  (Author) Jane Dyer (Illustrator),4.7,102,,,12.99,4 - 8 years,40 pages,English,Kindergarten - 5,9.5 x 0.5 x 9.5 inches,HarperCollins,"September 30, 2008",0060580240,978-0060580247,,,,,
https://www.amazon.com/gp/product/1841483648/ref=as_li_tl?ie=UTF8&camp=1789&creative=390957&creativeASIN=1841483648&linkCode=as2&tag=thedsponit02-20&linkId=SZS2PAGX5G7UL23S,Christmas,The Miracle of the First Poinsettia: A Mexican Christmas Story,Joanne Oppenheim  (Author) Fabian Negrin (Illustrator),4.3,14,,,,5 - 6 years,32 pages,English,,11 x 0.25 x 8.75 inches,Barefoot Books,"October 1, 2013",1841483648,978-1841483641,,,,,
https://www.amazon.com/gp/product/0060090820/ref=as_li_tl?ie=UTF8&camp=1789&creative=390957&creativeASIN=0060090820&linkCode=as2&tag=thedsponit02-20&linkId=BHE3KY7SGZ6SQN3X,Christmas,Gingerbread Mouse,"Katy Bratun  (Author, Illustrator)",4.8,212,,6.2,31.77,4 - 8 years,32 pages,English,Preschool - 3,10 x 0.12 x 10 inches,HarperCollins,"October 9, 2007",0060090820,978-0060090821,AD590L,,,,
https://www.amazon.com/gp/product/0803735774/ref=as_li_tl?ie=UTF8&camp=1789&creative=390957&creativeASIN=0803735774&linkCode=as2&tag=thedsponit02-20&linkId=OIX3ZQUAMQ27LO3M,Christmas,Grace at Christmas (Grace-picture Books),Mary Hoffman  (Author) Cornelius VanWright (Illustrator),4.9,23,,68.02,49.99,3 - 5 years,32 pages,English,,8.75 x 0.25 x 11 inches,Dial Books,"October 13, 2011",0803735774,978-0803735774,,,,,
https://www.amazon.com/gp/product/0764163523/ref=as_li_tl?ie=UTF8&camp=1789&creative=390957&creativeASIN=0764163523&linkCode=as2&tag=thedsponit02-20&linkId=FRJMJD3TZCJ2BPJI,Christmas,Pocket's Christmas Wish,Ann Bonwill  (Author) Russell Julian  (Author),4.4,6,,12.99,9.47,5 - 6 years,32 pages,English,,10.25 x 0.5 x 10 inches,B.E.S. Publishing,"September 1, 2010",0764163523,978-0764163524,650L,,,,
https://www.amazon.com/gp/product/0061996572/ref=as_li_tl?ie=UTF8&camp=1789&creative=390957&creativeASIN=0061996572&linkCode=as2&tag=thedsponit02-20&linkId=IM3PERCJ3RAGFW5S,Christmas,Charlie and the Christmas Kitty (Charlie the Ranch Dog),Ree Drummond  (Author) Diane deGroat (Illustrator),4.9,417,3.99,14.9,12.21,4 - 8 years,40 pages,English,Preschool - 3,10 x 0.4 x 10.3 inches,HarperCollins,"September 25, 2012",0061996572,978-0061996573,AD550L,,,,
https://www.amazon.com/gp/product/0803733577/ref=as_li_tl?ie=UTF8&camp=1789&creative=390957&creativeASIN=0803733577&linkCode=as2&tag=thedsponit02-20&linkId=VCMSIVTYWHLK4PK5,Christmas,The Twelve Days of Christmas,Laurel Long  (Author),4.8,266,,8.99,17.99,3 - 7 years,32 pages,English,Preschool - 2,9.38 x 0.41 x 11.75 inches,Dial Books,"October 13, 2011",0803733577,978-0803733572,AD660L,,,,
https://www.amazon.com/gp/product/1402725604/ref=as_li_tl?ie=UTF8&camp=1789&creative=390957&creativeASIN=1402725604&linkCode=as2&tag=thedsponit02-20&linkId=PVNZHGSBRMMPNSEO,Christmas,Pablo's Christmas,"Hugo C. Martin (Author), Lee Chapman (Illustrator)",4.8,7,,,20.34,4 - 7 years,24 pages,English,,10.25 x 0.5 x 10.5 inches,Sterling,"October 28, 2006",9781402725609,978-1402725609,AD690L,,,,
https://www.amazon.com/gp/product/B00GMX6ZWG/ref=as_li_tl?ie=UTF8&camp=1789&creative=390957&creativeASIN=B00GMX6ZWG&linkCode=as2&tag=thedsponit02-20&linkId=PC2O5JLF3HYEPNHO,Christmas,A Night in Santa's Great Big Bag,Kristin Kladstrup  (Author) Tim Jessell (Illustrator),4.5,25,10.99,12.4,28.0,3 - 5 years,32 pages,English,Preschool - Kindergarten,,Viking Books for Young Readers,"October 14, 2010",,978-0670011650,AD530L,,Not Enabled,Not Enabled,Not Enabled
https://www.amazon.com/gp/product/0374386889/ref=as_li_tl?ie=UTF8&camp=1789&creative=390957&creativeASIN=0374386889&linkCode=as2&tag=thedsponit02-20&linkId=GFY5QXE477V5436L,Christmas,Yoon and the Christmas Mitten,Helen Recorvits  (Author) Gabi Swiatkowska (Illustrator),4.3,11,,,32.7,4 - 8 years,32 pages,English,Preschool - 3,10 x 0.37 x 9.28 inches,"Farrar, Straus and Giroux (BYR)","October 31, 2006",0374386889,978-0374386887,,,,,
https://www.amazon.com/gp/product/158536889X/ref=as_li_tl?ie=UTF8&camp=1789&creative=390957&creativeASIN=158536889X&linkCode=as2&tag=thedsponit02-20&linkId=ICKOZGKDJADSQ2DY,Christmas,The Nutcracker's Night Before Christmas,"Keith Brockett (Author), Joseph Cowman (Illustrator)",5.0,21,,14.66,15.46,6 - 8 years,32 pages,English,1 - 3,10.4 x 0.3 x 10.3 inches,Sleeping Bear Press,"September 1, 2015",158536889X,978-1585368891,AD800L,,,,
https://www.amazon.com/gp/product/0399257845/ref=as_li_tl?ie=UTF8&camp=1789&creative=390957&creativeASIN=0399257845&linkCode=as2&tag=thedsponit-20&linkId=NFECVOPTLM3XDCGD,Christmas,The Animals' Santa,"Jan Brett  (Author, Illustrator)",4.8,252,10.99,8.99,12.14,3 - 5 years,40 pages,English,,9.54 x 0.41 x 11.88 inches,G.P. Putnam's Sons Books for Young Readers,"October 21, 2014",0399257845,978-0399257841,AD630L,,,,
https://www.amazon.com/gp/product/0061700231/ref=as_li_tl?ie=UTF8&camp=1789&creative=390957&creativeASIN=0061700231&linkCode=as2&tag=thedsponit02-20&linkId=L25NU55HT2ZLIACR,Christmas,Santa Claus and the Three Bears,"Maria Modugno (Author), Jane Dyer (Illustrator), Brooke Dyer (Illustrator)",4.4,41,,11.95,15.99,4 - 8 years,40 pages,English,Preschool - 3,10.42 x 0.38 x 10.15 inches,HarperCollins,"September 24, 2013",0061700231,978-0061700231,AD550L,,,,
https://www.amazon.com/gp/product/1438006608/ref=as_li_tl?ie=UTF8&camp=1789&creative=390957&creativeASIN=1438006608&linkCode=as2&tag=thedsponit02-20&linkId=BFPJ5HEVTTJQBEQ5,Christmas,Goodnight Santa: The Perfect Bedtime Book (Goodnight Series),Michelle Robinson  (Author) Nick East (Illustrator),4.9,296,,7.99,,1 - 4 years,32 pages,English,Preschool and up,9.1 x 0.3 x 10.1 inches,B.E.S.,"October 1, 2015",1438006608,978-1438006604,AD330L,,,,
https://www.amazon.com/gp/product/1589255615/ref=as_li_tl?ie=UTF8&camp=1789&creative=390957&creativeASIN=1589255615&linkCode=as2&tag=thedsponit02-20&linkId=OQ5RUA6NGR4PR376,Christmas,Five Busy Elves,Patricia Hegarty  (Author) Julia Woolf (Illustrator),4.6,18,,5.55,12.57,2 - 5 years,22 pages,English,,7.94 x 0.69 x 8 inches,Tiger Tales,"September 2, 2014",1589255615,978-1589255616,AD530L,,,,
https://www.amazon.com/gp/product/0618841989/ref=as_li_tl?ie=UTF8&camp=1789&creative=390957&creativeASIN=0618841989&linkCode=as2&tag=thedsponit02-20&linkId=WF3UQFLYNVGINLHA,Christmas,A Piñata in a Pine Tree: A Latino Twelve Days of Christmas,Pat Mora  (Author) Magaly Morales (Illustrator),4.8,114,,,12.29,4 - 7 years,32 pages,English,Preschool - 3,10 x 0.36 x 11 inches,Clarion Books,"September 14, 2009",0618841989,978-0618841981,,,,,
https://www.amazon.com/gp/product/1589255607/ref=as_li_tl?ie=UTF8&camp=1789&creative=390957&creativeASIN=1589255607&linkCode=as2&tag=thedsponit02-20&linkId=J3QLAR4KPUUVHAC5,Christmas,A Very Merry Christmas,"Maudie Powell-Tuck (Author), Gill Guile (Illustrator)",5.0,8,,5.32,32.38,5 - 6 years,22 pages,English,,8 x 0.75 x 7.75 inches,Tiger Tales,"September 1, 2014",1589255607,978-1589255609,,,,,
https://www.amazon.com/gp/product/054434104X/ref=as_li_tl?ie=UTF8&camp=1789&creative=390957&creativeASIN=054434104X&linkCode=as2&tag=thedsponit02-20&linkId=NFLW27XN6JGIK22I,Christmas,Christmas Mice! (Green Light Readers Level 1),Bethany Roberts  (Author) Doug Cushman (Illustrator),4.6,35,3.99,8.99,7.82,6 - 9 years,32 pages,English,1 - 4,6 x 0.15 x 9 inches,Clarion Books,"September 23, 2014",054434104X,978-0544341043,AD350L,,,,
https://www.amazon.com/gp/product/0545214157/ref=as_li_tl?ie=UTF8&camp=1789&creative=390957&creativeASIN=0545214157&linkCode=as2&tag=thedsponit02-20&linkId=5H5W4HEXG3HHJJ6J,Christmas,The Littlest Christmas Star,Brandi Dougherty  (Author) Sanja Rescek (Illustrator),4.8,14,,15.95,,4 - 8 years,32 pages,English,Preschool - 3,8.25 x 0.25 x 8.5 inches,Cartwheel Books,"September 1, 2010",0545214157,978-0545214155,AD470L,,,,
https://www.amazon.com/gp/product/0805015493/ref=as_li_tl?ie=UTF8&camp=1789&creative=390957&creativeASIN=0805015493&linkCode=as2&tag=thedsponit02-20&linkId=LMAVNZD3B2CDREUO,Christmas,Everett Anderson's Christmas Coming,Lucille Clifton  (Author) Jan Spivey Gilchrist (Illustrator),5.0,3,,298.99,12.02,4 - 8 years,28 pages,English,Preschool - 3,8.38 x 0.33 x 8.32 inches,Henry Holt and Co. (BYR),"September 15, 1991",0805015493,978-0805015492,,,,,
https://www.amazon.com/gp/product/0547558635/ref=as_li_tl?ie=UTF8&camp=1789&creative=390957&creativeASIN=0547558635&linkCode=as2&tag=thedsponit02-20&linkId=EPKKHFM5ATXN7SJJ,Christmas,The Christmas Quiet Book,Deborah Underwood  (Author) Renata Liwska  (Illustrator),4.4,102,7.99,14.99,12.99,4 - 7 years,32 pages,English,Preschool - 3,7 x 0.37 x 8.5 inches,Clarion Books,"October 16, 2012",0547558635,978-0547558639,NP,,,,
https://www.amazon.com/gp/product/0763661740/ref=as_li_tl?ie=UTF8&camp=1789&creative=390957&creativeASIN=0763661740&linkCode=as2&tag=thedsponit02-20&linkId=IUTVGKO3ZQCTBJWR,Christmas,Just Right for Christmas,Birdie Black  (Author) Rosalind Beardshaw (Illustrator),4.9,22,,16.2,14.99,3 - 7 years,32 pages,English,Preschool - 2,11.13 x 0.36 x 10.13 inches,Nosy Crow,"September 11, 2012",0763661740,978-0763661748,,,,,
https://www.amazon.com/gp/product/098790230X/ref=as_li_tl?ie=UTF8&camp=1789&creative=390957&creativeASIN=098790230X&linkCode=as2&tag=thedsponit02-20&linkId=JK4RQTEWFUJITDNO,Christmas,Twas the Night Before Christmas: Edited by Santa Claus for the Benefit of Children of the 21st Century,Clement C. Moore (Author),4.6,1923,2.99,7.51,11.26,4 - 8 years,32 pages,English,,8.7 x 0.5 x 9.1 inches,Grafton And Scratch Publishers,"September 4, 2012",098790230X,978-0987902306,NP940L,,,,
https://www.amazon.com/gp/product/0698116526/ref=as_li_tl?ie=UTF8&camp=1789&creative=390957&creativeASIN=0698116526&linkCode=as2&tag=thedsponit02-20&linkId=TPQDOVRL5HOKC7AD,Christmas,The Wild Christmas Reindeer,Jan Brett  (Author),4.8,524,8.99,8.99,16.93,4 - 8 years,32 pages,English,Preschool - 3,10.19 x 0.14 x 9.88 inches,Puffin Books,"October 5, 1998",0698116526,978-0698116528,AD740L,,,,
https://www.amazon.com/gp/product/0394800796/ref=as_li_tl?ie=UTF8&camp=1789&creative=390957&creativeASIN=0394800796&linkCode=as2&tag=thedsponit02-20&linkId=P5KV3JDHAAW4U3SP,Christmas,How the Grinch Stole Christmas! (Classic Seuss),Dr. Seuss  (Author),4.9,13385,9.99,29.72,9.9,5 - 9 years,64 pages,English,Kindergarten - 4,8.25 x 0.4 x 11.31 inches,Random House Books for Young Readers,"October 12, 1957",0394800796,978-0394800790,590L,,,,
https://www.amazon.com/gp/product/1442474955/ref=as_li_tl?ie=UTF8&camp=1789&creative=390957&creativeASIN=1442474955&linkCode=as2&tag=thedsponit02-20&linkId=RA4MSP3OTTVL2VSZ,Christmas,Rudolph the Red-Nosed Reindeer,"Robert L. May (Author), Antonio Javier Caparo (Illustrator)",4.8,622,6.99,7.18,10.21,4 - 6 years,40 pages,English,Preschool - 1,9 x 0.4 x 12 inches,Little Simon,"September 30, 2014",1442474955,978-1442474956,NP,,,,
https://www.amazon.com/Christmas-Owl-Based-Little-Rockefeller/dp/031629912X?keywords=The+Christmas+Owl%3A+Based+on+the+True+Story+of+a+Little+Owl+Named+Rockefeller+by+Gideon+Sterer&qid=1638300199&sr=8-1&linkCode=li3&tag=thedsponit02-20&linkId=9a51d05c557469f5839bd68a38c1f46b&language=en_US&ref_=as_li_ss_il,Christmas,The Christmas Owl: Based on the True Story of a Little Owl Named Rockefeller,"Gideon Sterer (Author), Ellen Kalish (Author), Ramona Kaulitzki (Illustrator)",4.9,215,,,25.85,4 - 8 years,40 pages,English,Preschool - 3,8.9 x 0.5 x 11.3 inches,"Little, Brown Books for Young Readers","October 5, 2021",031629912X,978-0316299121,,,,,
https://www.amazon.com/How-Catch-Elf-Adam-Wallace/dp/1492646318?keywords=How+to+Catch+an+Elf+by+Adam+Wallace&qid=1638299854&sr=8-1&linkCode=li3&tag=thedsponit02-20&linkId=6a0f91a8f78bfced9bebab8b93282823&language=en_US&ref_=as_li_ss_il,Christmas,How to Catch an Elf,Adam Wallace  (Author) Andy Elkerton  (Illustrator),4.8,4738,5.99,11.98,7.35,4 - 8 years,32 pages,English,Kindergarten - 3,8.25 x 0.33 x 8.25 inches,Sourcebooks Wonderland,"October 4, 2016",9781492646310,978-1492646310,AD540L,,,,
https://www.amazon.com/Tree-Thats-Meant-Be/dp/0593119673?keywords=The+Tree+That%27s+Meant+to+Be+by+Yuval+Zommer&qid=1638300295&sr=8-1&linkCode=li3&tag=thedsponit02-20&linkId=cc1aa76f22dbdff6b5d58cf241329ea9&language=en_US&ref_=as_li_ss_il,Christmas,The Tree That's Meant to Be,Yuval Zommer  (Author),4.8,475,,12.08,16.19,3 - 7 years,32 pages,English,Preschool - 2,9.75 x 0.37 x 12.37 inches,Doubleday Books for Young Readers,"September 24, 2019",0593119673,978-0593119679,,,,,
https://www.amazon.com/Colors-Christmas-Matthew-Paul-Turner/dp/0525654143?keywords=All+the+Colors+of+Christmas+by+Matthew+Paul+Turner&qid=1638300554&s=books&sr=1-1&linkCode=li3&tag=thedsponit02-20&linkId=c7252b75151aefe9e1238f1a65074185&language=en_US&ref_=as_li_ss_il,Christmas,All the Colors of Christmas,Matthew Paul Turner  (Author) Gillian Gamble (Illustrator),4.9,1044,7.99,,11.69,3 - 7 years,40 pages,English,Preschool - 2,8.8 x 0.3 x 8.9 inches,Convergent Books,"September 8, 2020",0525654143,978-0525654148,,,,,
https://www.amazon.com/Under-Christmas-Tree-Nikki-Grimes/dp/0688159990?keywords=Under+the+Christmas+Tree+by+Nikki+Grimes&qid=1638300699&s=books&sr=1-1&linkCode=li3&tag=thedsponit02-20&linkId=7f27f54a522da30a2883ebe0e4f285bb&language=en_US&ref_=as_li_ss_il,Christmas,Under the Christmas Tree,Nikki Grimes  (Author) Kadir Nelson (Author),4.6,10,,,67.17,6 - 8 years,32 pages,English,1 - 2,10 x 0.25 x 10 inches,HarperCollins,"October 1, 2002",0688159990,978-0688159993,,,,,
https://www.amazon.com/12-Days-Christmas-Choir/dp/0711245401?pd_rd_w=8mntK&pf_rd_p=c64372fa-c41c-422e-990d-9e034f73989b&pf_rd_r=RR5ZD0268AE0DDM01CM7&pd_rd_r=71c31216-2a8b-45c8-b76b-cbc31b700f93&pd_rd_wg=Tsfsd&pd_rd_i=0711245401&psc=1&linkCode=li3&tag=thedsponit02-20&linkId=47042412ca94171f041406f72fa2aa27&language=en_US&ref_=as_li_ss_il,Christmas,12 Days of Christmas (The Christmas Choir),Lara Hawthorne (Illustrator),4.7,146,11.74,,11.08,2 - 5 years,32 pages,English,Preschool - Kindergarten,8.8 x 0.5 x 10.85 inches,Frances Lincoln Children's Books,"October 6, 2020",0711245401,978-0711245402,,,,,
https://www.amazon.com/Jolly-Christmas-Postman-Allan-Ahlberg/dp/0316127159?keywords=The+Jolly+Christmas+Postman+by+Janet+and+Allan+Ahlberg&qid=1638301115&s=books&sr=1-3&linkCode=li3&tag=thedsponit02-20&linkId=bcfe64a4896fa75f38647acf58d4a953&language=en_US&ref_=as_li_ss_il,Christmas,The Jolly Christmas Postman,Allan Ahlberg  (Author) Janet Ahlberg  (Illustrator),4.9,4230,,,13.99,4 - 8 years,32 pages,English,Preschool - 3,9.25 x 0.75 x 8 inches,LB Kids,"September 1, 2001",0316127159,978-0316127158,NP0L,,,,
https://www.amazon.com/Nutcracker-New-York-City-Ballet/dp/1481458299?keywords=The+Nutcracker+by+New+York+City+Ballet&qid=1638301261&s=books&sr=1-1&linkCode=li3&tag=thedsponit02-20&linkId=91c633fbce21694e0c0b12b88230ca1d&language=en_US&ref_=as_li_ss_il,Christmas,The Nutcracker,"New York City Ballet (Author), Valeria Docampo  (Illustrator)",4.8,762,6.99,6.57,10.73,4 - 8 years,40 pages,English,Preschool - 3,9 x 0.4 x 11.25 inches,Little Simon,"September 20, 2016",1481458299,978-1481458290,AD1000L,,,,
https://www.amazon.com/Jan-Bretts-Nutcracker-Brett/dp/0593109821?_encoding=UTF8&qid=1638301861&sr=1-21&linkCode=li3&tag=thedsponit02-20&linkId=bc58e86a25309a2606fa9ce35f7081c2&language=en_US&ref_=as_li_ss_il,Christmas,Jan Brett's The Nutcracker,"Jan Brett  (Author, Illustrator)",4.8,102,10.99,,15.99,4 - 8 years,32 pages,English,Preschool - 3,11.63 x 0.41 x 9.63 inches,G.P. Putnam's Sons Books for Young Readers,"November 16, 2021",0593109821,978-0593109823,,,,,
https://www.amazon.com/How-Catch-Santa-Jean-Reagan/dp/0593301900?keywords=How+to+Catch+Santa+by+Jean+Reagan&qid=1638301506&s=books&sr=1-1&linkCode=li3&tag=thedsponit02-20&linkId=6c0552572c43c815f7393602ab15dce1&language=en_US&ref_=as_li_ss_il,Christmas,How to Catch Santa (How To Series),Jean Reagan  (Author) Lee Wildish  (Author),4.8,776,7.99,7.99,12.15,4 - 8 years,32 pages,English,Preschool - 3,8.5 x 0.15 x 10.94 inches,Dragonfly Books,"October 6, 2020",0593301900,978-0593301906,AD470L,,,,
https://www.amazon.com/Winston-Delivered-Christmas-Alex-Smith/dp/1684129834?pd_rd_w=QtG76&pf_rd_p=76a8f583-940d-4455-b2b8-92e3a4f45d0a&pf_rd_r=5J28MPAGSVSKTA1HSDTE&pd_rd_r=31b5106d-e098-4354-95a6-240cfc682201&pd_rd_wg=sH1Ui&pd_rd_i=1684129834&psc=1&linkCode=li3&tag=thedsponit02-20&linkId=b216fdd5704fffd01dd5abf473329ff2&language=en_US&ref_=as_li_ss_il,Christmas,How Winston Delivered Christmas,Alex T. Smith  (Author),4.8,1347,,29.25,11.99,6 - 8 years,176 pages,English,1 - 3,8.25 x 0.9 x 10.35 inches,Silver Dolphin Books,"September 17, 2019",1684129834,978-1684129836,,,,,
https://www.amazon.com/Willowbys-Christmas-Tree-Robert-Barry/dp/0385327218?keywords=Mr.+Willowby%27s+Christmas+Tree&qid=1638368987&sr=8-2&linkCode=li3&tag=thedsponit02-20&linkId=6c355a658f770450bce0b40a0664ba9f&language=en_US&ref_=as_li_ss_il,Christmas,Mr. Willowby's Christmas Tree,Robert Barry (Author),4.9,1924,4.99,14.95,7.99,3 - 7 years,32 pages,English,Preschool - 2,8.63 x 0.34 x 11.13 inches,Doubleday Books for Young Readers,"October 17, 2000",9780385327213,978-0385327213,660L,,,,
https://www.amazon.com/gp/product/0976336952/ref=as_li_tl?ie=UTF8&camp=1789&creative=390957&creativeASIN=0976336952&linkCode=as2&tag=thedsponit02-20&linkId=5OC33GIFLUPOBZAH,Christmas,Donkey's Christmas Song,Nancy Tafuri  (Author),4.8,26,,5.9,6.85,,32 pages,,,,Duck Pond Press,"January 1, 2014",0976336952,978-0976336952,,,,,
https://www.amazon.com/gp/product/0449816818/ref=as_li_tl?ie=UTF8&camp=1789&creative=390957&creativeASIN=0449816818&linkCode=as2&tag=thedsponit02-20&linkId=KC6XHRGD5JSM6K4Q,Christmas,The Christmas Wish (A Wish Book),Lori Evert  (Author) Per Breiehagen  (Illustrator),4.8,1375,8.99,,12.17,3 - 7 years,48 pages,English,Preschool - 2,9.38 x 0.43 x 12.31 inches,Random House Books for Young Readers,"September 10, 2013",0449816818,978-0449816813,AD720L,,,,
https://www.amazon.com/gp/product/0385379218/ref=as_li_tl?ie=UTF8&camp=1789&creative=390957&creativeASIN=0385379218&linkCode=as2&tag=thedsponit02-20&linkId=ZLLCIWSPJSDELPML,Christmas,The Reindeer Wish (A Wish Book),Lori Evert  (Author) Per Breiehagen  (Illustrator),4.9,258,8.99,,9.93,3 - 7 years,48 pages,English,Preschool - 2,9.44 x 0.43 x 12.31 inches,Random House Books for Young Readers,"October 6, 2015",0385379218,978-0385379212,AD760L,,,,
https://www.amazon.com/gp/product/0688162673/ref=as_li_tl?ie=UTF8&camp=1789&creative=390957&creativeASIN=0688162673&linkCode=as2&tag=thedsponit02-20&linkId=5MXLLOPCJOEZ3SV4,Christmas,Christmas Day in the Morning,Pearl S Buck  (Author) Mark Buehner (Illustrator),4.8,576,,,12.4,4 - 8 years,40 pages,English,Preschool - 3,8.5 x 0.35 x 11 inches,HarperCollins,"October 1, 2002",0688162673,978-0688162672,AD770L,,,,
https://www.amazon.com/gp/product/9888240552/ref=as_li_tl?ie=UTF8&camp=1789&creative=390957&creativeASIN=9888240552&linkCode=as2&tag=thedsponit02-20&linkId=CVOXLTGAGB5EHOH6,Christmas,The Message of the Birds,Kate Westerlund  (Author) Feridun Oral (Illustrator),4.5,139,9.99,,15.29,3 - 5 years,32 pages,English,Preschool - Kindergarten,10 x 0.35 x 10 inches,mineditionUS,"November 1, 2013",9888240552,978-9888240555,AD630L,,,,
https://www.amazon.com/gp/product/0763678228/ref=as_li_tl?ie=UTF8&camp=1789&creative=390957&creativeASIN=0763678228&linkCode=as2&tag=thedsponit02-20&linkId=KKKQZ4Y7BCMF7ZTV,Christmas,The Christmas Miracle of Jonathan Toomey,Susan Wojciechowski  (Author) P.J. Lynch  (Illustrator),4.9,1123,0.99,12.58,16.19,6 - 9 years,40 pages,English,1 - 4,11.44 x 0.38 x 10.31 inches,Candlewick,"September 8, 2015",0763678228,978-0763678227,,,,,
https://www.amazon.com/gp/product/0375869220/ref=as_li_tl?ie=UTF8&camp=1789&creative=390957&creativeASIN=0375869220&linkCode=as2&tag=thedsponit02-20&linkId=WMAINBLUPVQOKAUM,Christmas,The Carpenter's Gift: A Christmas Tale about the Rockefeller Center Tree,David Rubel  (Author) Jim LaMarche (Illustrator),4.8,425,5.99,,16.19,5 - 9 years,48 pages,English,Kindergarten - 4,8.88 x 0.35 x 11.81 inches,Random House Books for Young Readers,"September 27, 2011",0375869220,978-0375869228,AD740L,,,,
https://www.amazon.com/Pick-Pine-Tree-Patricia-Toht/dp/0763695718?pd_rd_w=CekQS&pf_rd_p=c64372fa-c41c-422e-990d-9e034f73989b&pf_rd_r=KPGYY1FPB4XQA47KZ4WW&pd_rd_r=3c87ef1a-b774-4020-a806-804476ce04ef&pd_rd_wg=A6lkW&pd_rd_i=0763695718&psc=1&linkCode=li3&tag=thedsponit02-20&linkId=8639f05412d368200ab4f51c412f312c&language=en_US&ref_=as_li_ss_il,Christmas,Pick a Pine Tree,Patricia Toht  (Author) Jarvis  (Illustrator),4.9,1892,,13.24,16.19,3 - 7 years,40 pages,English,Preschool - 2,10.06 x 0.34 x 11 inches,Candlewick,"September 19, 2017",0763695718,978-0763695712,,,,,
https://www.amazon.com/gp/product/0544105095/ref=as_li_tl?ie=UTF8&camp=1789&creative=390957&creativeASIN=0544105095&linkCode=as2&tag=thedsponit02-20&linkId=6AKCLH4AO6OOC5FO,Christmas,Christmas Farm,Mary Lyn Ray  (Author) Barry Root (Illustrator),4.8,338,,7.99,32.09,4 - 7 years,40 pages,English,Preschool - 3,11 x 0.12 x 8.5 inches,Clarion Books,"October 8, 2013",0544105095,978-0544105096,,,,,
https://www.amazon.com/Simple-Christmas-Farm-Phyllis-Alsdurf/dp/1506471366?keywords=A+Simple+Christmas+on+the+Farm+by+Phyllis+Alsdurf&qid=1638299726&sr=8-1&linkCode=li3&tag=thedsponit02-20&linkId=2603bf52b6933fa6f6a19da035b348a5&language=en_US&ref_=as_li_ss_il,Christmas,A Simple Christmas on the Farm,Phyllis Alsdurf  (Author) Lisa Hunt (Illustrator),4.9,41,10.99,,15.19,4 - 8 years,40 pages,English,Preschool - 3,10.25 x 0.25 x 10.25 inches,Beaming Books,"September 28, 2021",1506471366,978-1506471365,,,,,
https://www.amazon.com/Dasher-Little-Changed-Christmas-Forever/dp/1536201375?keywords=Dasher%3A+How+a+Brave+Little+Doe+Changed+Christmas+Forever+by+Matt+Tavares&qid=1638300119&sr=8-1&linkCode=li3&tag=thedsponit02-20&linkId=0853c8b91d616de594b783e614daaee8&language=en_US&ref_=as_li_ss_il,Christmas,Dasher: How a Brave Little Doe Changed Christmas Forever,"Matt Tavares  (Author, Illustrator)",4.8,3093,1.99,14.99,10.45,4 - 8 years,40 pages,English,Preschool - 3,11.06 x 0.38 x 9.75 inches,Candlewick,"September 10, 2019",1536201375,978-1536201376,590L,,,,
https://www.amazon.com/gp/product/0061344990/ref=as_li_tl?ie=UTF8&camp=1789&creative=390957&creativeASIN=0061344990&linkCode=as2&tag=thedsponit02-20&linkId=B7YMXYNGCHVDI65D,Christmas,"Merry Christmas, Mouse! (If You Give...)",Laura Numeroff  (Author) Felicia Bond (Illustrator),4.7,718,,7.04,,Baby - 4 years,24 pages,English,,6.5 x 0.5 x 6.75 inches,HarperCollins,"September 17, 2019",9780061344992,978-0061344992,AD180L,,,,
https://www.amazon.com/gp/product/0451469801/ref=as_li_tl?ie=UTF8&camp=1789&creative=390957&creativeASIN=0451469801&linkCode=as2&tag=thedsponit02-20&linkId=FUA2TQKCFH43JXJZ,Christmas,Llama Llama Jingle Bells,"Anna Dewdney  (Author, Illustrator)",4.8,3099,5.99,5.68,21.33,Baby - 3 years,14 pages,English,,7 x 0.33 x 7 inches,Viking Books for Young Readers,"October 21, 2014",0451469801,978-0451469809,AD350L,,,,
https://www.amazon.com/gp/product/0545121191/ref=as_li_tl?ie=UTF8&camp=1789&creative=390957&creativeASIN=0545121191&linkCode=as2&tag=thedsponit02-20&linkId=O5VQFIYM2N32BHQO,Christmas,The Biggest Christmas Tree Ever,Steven Kroll  (Author) Jeni Bassett (Illustrator),4.8,314,2.99,4.99,5.99,4 - 8 years,32 pages,English,Preschool - 3,6.04 x 0.36 x 7.8 inches,Cartwheel Books,"September 1, 2009",0545121191,978-0545121194,AD590L,,,,
https://www.amazon.com/gp/product/0307988295/ref=as_li_tl?ie=UTF8&camp=1789&creative=390957&creativeASIN=0307988295&linkCode=as2&tag=thedsponit02-20&linkId=GT2S54ZNIZMYAASJ,Christmas,Rudolph the Red-Nosed Reindeer (Rudolph the Red-Nosed Reindeer) (Little Golden Book),Rick Bunsen  (Author) Golden Books (Illustrator),4.8,3066,,15.99,3.98,2 - 5 years,24 pages,English,1 - Kindergarten,6.63 x 0.18 x 8.06 inches,Golden Books,"August 1, 2000",0307988295,978-0307988294,,,,,
https://www.amazon.com/gp/product/0307960382/ref=as_li_tl?ie=UTF8&camp=1789&creative=390957&creativeASIN=0307960382&linkCode=as2&tag=thedsponit02-20&linkId=YBNYBWD7IGANT4RF,Christmas,Frosty the Snowman (Frosty the Snowman) (Little Golden Book),Diane Muldrow  (Author) Golden Books (Illustrator),4.8,2031,4.99,10.99,3.98,2 - 5 years,24 pages,English,1 - Kindergarten,6.63 x 0.21 x 8 inches,Golden Books,"September 4, 2001",0307960382,978-0307960382,,,,,
https://www.amazon.com/gp/product/030711886X/ref=as_li_tl?ie=UTF8&camp=1789&creative=390957&creativeASIN=030711886X&linkCode=as2&tag=thedsponit02-20&linkId=YYE6IQURIEC4SK57,Christmas,Merry Christmas Mom and Dad (A Golden Look-Look Book),Mercer Mayer  (Author),4.8,1777,,4.99,,3 - 7 years,24 pages,English,Preschool - 2,7.6 x 7.8 x 0.2 inches,Random House Books for Young Readers,"September 10, 1999",030711886X,978-0307118868,,,,,
https://www.amazon.com/gp/product/0448421917/ref=as_li_tl?ie=UTF8&camp=1789&creative=390957&creativeASIN=0448421917&linkCode=as2&tag=thedsponit02-20&linkId=YU6DBC5DU6BWI6OH,Christmas,Corduroy's Christmas Surprise,Don Freeman  (Author) Lisa McCue (Illustrator),4.8,665,,16.98,9.95,4 - 8 years,32 pages,English,Preschool - 3,8 x 0.11 x 8 inches,Grosset & Dunlap,"September 25, 2000",0448421917,978-0448421919,AD580L,,,,
https://www.amazon.com/gp/product/0374301123/ref=as_li_tl?ie=UTF8&camp=1789&creative=390957&creativeASIN=0374301123&linkCode=as2&tag=thedsponit02-20&linkId=ZRGGSO7ZBRBQKWI5,Christmas,Tractor Mac Saves Christmas,Billy Steers  (Author),4.9,416,8.99,11.85,8.99,2 - 5 years,32 pages,English,Preschool - 2,8.06 x 0.32 x 8.33 inches,"Farrar, Straus and Giroux (BYR)","September 8, 2015",0374301123,978-0374301125,,,,,
https://www.amazon.com/gp/product/0399163956/ref=as_li_tl?ie=UTF8&camp=1789&creative=390957&creativeASIN=0399163956&linkCode=as2&tag=thedsponit02-20&linkId=GO3HRR7TY3K5KDWQ,Christmas,An Otis Christmas,"Loren Long  (Author, Illustrator)",4.9,353,10.99,8.99,11.87,3 - 7 years,40 pages,English,Preschool - 2,11.32 x 0.44 x 10.81 inches,Philomel Books,"October 22, 2013",0399163956,978-0399163951,AD650L,,,,
https://www.amazon.com/gp/product/0544320417/ref=as_li_tl?ie=UTF8&camp=1789&creative=390957&creativeASIN=0544320417&linkCode=as2&tag=thedsponit02-20&linkId=YBNQF7RLBES2QSGV,Christmas,Little Blue Truck's Christmas,Alice Schertle  (Author) Jill McElmurry  (Illustrator),4.8,12459,0.0,10.56,28.3,Baby - 3 years,24 pages,English,,9 x 0.77 x 8.13 inches,Clarion Books,"September 23, 2014",0544320417,978-0544320413,,,,,
https://www.amazon.com/gp/product/054521596X/ref=as_li_tl?ie=UTF8&camp=1789&creative=390957&creativeASIN=054521596X&linkCode=as2&tag=thedsponit02-20&linkId=MLEKT5FPGJ4PX2A2,Christmas,Clifford's Christmas (Classic Storybook),Norman Bridwell  (Author),4.9,736,1.99,25.0,,3 - 5 years,32 pages,English,Preschool - Kindergarten,7.8 x 0.3 x 7.8 inches,Cartwheel,"September 1, 2011",054521596X,978-0545215961,,,,,
https://www.amazon.com/gp/product/0060094702/ref=as_li_tl?ie=UTF8&camp=1789&creative=390957&creativeASIN=0060094702&linkCode=as2&tag=thedsponit02-20&linkId=PTR5EZ4PDAD4DFNG,Christmas,Biscuit's Pet & Play Christmas: A Touch & Feel Book,"Alyssa Satin Capucilli  (Author) Pat Schories (Illustrator), Mary O'Keefe Young  (Illustrator)",4.9,220,,6.7,11.77,Baby - 4 years,12 pages,English,,6.96 x 0.55 x 6.9 inches,HarperFestival,"September 26, 2006",0060094702,978-0060094706,,,,,
https://www.amazon.com/gp/product/1416958967/ref=as_li_tl?ie=UTF8&camp=1789&creative=390957&creativeASIN=1416958967&linkCode=as2&tag=thedsponit02-20&linkId=65M7JPOIUAB3LBK3,Christmas,Bear Stays Up for Christmas (The Bear Books),Karma Wilson  (Author) Jane Chapman  (Illustrator),4.9,4175,0.0,7.99,6.99,2 - 8 years,40 pages,English,Preschool - 3,8 x 0.4 x 7.25 inches,Margaret K. McElderry Books,"October 7, 2008",1416958967,978-1416958963,AD520L,,,,
https://www.amazon.com/gp/product/1442496738/ref=as_li_tl?ie=UTF8&camp=1789&creative=390957&creativeASIN=1442496738&linkCode=as2&tag=thedsponit02-20&linkId=O4PHCELEMDISORBH,Christmas,"Click, Clack, Ho! Ho! Ho! (A Click Clack Book)",Doreen Cronin  (Author) Betsy Lewin (Illustrator),4.8,184,10.99,14.99,10.19,4 - 8 years,40 pages,English,Preschool - 2,7.75 x 0.4 x 10 inches,Atheneum Books for Young Readers,"September 22, 2015",1442496738,978-1442496736,230L,,,,
https://www.amazon.com/gp/product/1484724682/ref=as_li_tl?ie=UTF8&camp=1789&creative=390957&creativeASIN=1484724682&linkCode=as2&tag=thedsponit02-20&linkId=HZH3ZY5UDLLG3AMW,Christmas,Frozen Olaf's Night Before Christmas Book & CD,"Disney Book Group (Author), Disney Storybook Art Team (Illustrator)",4.8,1372,0.0,6.99,8.93,6 - 8 years,32 pages,English,1 - 3,9.95 x 0.5 x 10.55 inches,Disney Press,"September 15, 2015",1484724682,978-1484724682,AD630L,,,,
https://www.amazon.com/gp/product/1423184505/ref=as_li_tl?ie=UTF8&camp=1789&creative=390957&creativeASIN=1423184505&linkCode=as2&tag=thedsponit02-20&linkId=DBEDHVZDDYDWFLPO,Christmas,Disney Christmas Storybook Collection,"Elle D. Risco (Author), Calliope Glass  (Author) Disney Storybook Art Team (Illustrator)",4.7,781,3.99,,12.0,3 - 5 years,304 pages,English,Preschool - Kindergarten,9.13 x 0.75 x 9.5 inches,Disney Press,"September 9, 2014",1423184505,978-1423184508,AD600L,,,,
https://www.amazon.com/gp/product/0374355495/ref=as_li_tl?ie=UTF8&camp=1789&creative=390957&creativeASIN=0374355495&linkCode=as2&tag=thedsponit02-20&linkId=POFQGYQG5XVKZKTS,Christmas,The Not Very Merry Pout-Pout Fish (A Pout-Pout Fish Adventure),Deborah Diesen  (Author) Dan Hanna  (Illustrator),4.7,1854,0.0,6.97,11.09,2 - 6 years,32 pages,English,Preschool - 1,10.16 x 0.47 x 10.44 inches,"Farrar, Straus and Giroux (BYR)","September 8, 2015",0374355495,978-0374355494,AD630L,,,,
https://www.amazon.com/gp/product/1484706986/ref=as_li_tl?ie=UTF8&camp=1789&creative=390957&creativeASIN=1484706986&linkCode=as2&tag=thedsponit02-20&linkId=4VVUXLT5VJ2FCFVX,Christmas,Doc McStuffins A Very McStuffins Christmas,"Disney Books (Author), Sheila Sweeny Higginson  (Author) Disney Storybook Art Team (Illustrator)",4.7,154,2.99,6.21,,3 - 5 years,24 pages,English,Preschool - Kindergarten,8.13 x 0.13 x 8 inches,Disney Press,"September 16, 2014",1484706986,978-1484706985,AD630L,,,,
https://www.amazon.com/gp/product/1589256174/ref=as_li_tl?ie=UTF8&camp=1789&creative=390957&creativeASIN=1589256174&linkCode=as2&tag=thedsponit02-20&linkId=OPTHDXZVOMVIHN6K,Christmas,The Very Snowy Christmas,"Diana Hendry (Author), Jane Chapman  (Illustrator)",4.6,47,12.99,8.95,7.05,2 - 5 years,16 pages,English,,8 x 0.77 x 8 inches,Tiger Tales,"September 3, 2013",9781589256170,978-1589256170,AD460L,,,,
https://www.amazon.com/gp/product/1442494468/ref=as_li_tl?ie=UTF8&camp=1789&creative=390957&creativeASIN=1442494468&linkCode=as2&tag=thedsponit02-20&linkId=JY7YTTNXGCQ6OAWH,Christmas,Olivia Helps with Christmas (Classic Board Books),"Ian Falconer  (Author, Illustrator)",4.8,548,6.99,5.69,13.99,3 - 7 years,40 pages,English,Preschool - 2,6.25 x 1.1 x 8.25 inches,Atheneum Books for Young Readers,"October 1, 2013",9781442494466,978-1442494466,AD410L,,,,
https://www.amazon.com/gp/product/054776054X/ref=as_li_tl?ie=UTF8&camp=1789&creative=390957&creativeASIN=054776054X&linkCode=as2&tag=thedsponit02-20&linkId=RWUSA5Q6SNPKHEIZ,Christmas,"Merry Christmas, Curious George","H. A. Rey  (Author) Catherine Hapka (Author), Mary O'Keefe Young  (Illustrator)",4.9,640,4.49,5.99,8.98,4 - 8 years,32 pages,English,Preschool - Kindergarten,10 x 0.13 x 10 inches,HMH Books for Young Readers,"October 9, 2006",054776054X,978-0547760544,AD540L,,,,
https://www.amazon.com/gp/product/0670011614/ref=as_li_tl?ie=UTF8&camp=1789&creative=390957&creativeASIN=0670011614&linkCode=as2&tag=thedsponit02-20&linkId=IYOK7DFGIN2225KH,Christmas,Llama Llama Holiday Drama,Anna Dewdney  (Author),4.8,1426,10.99,8.38,10.68,2 - 5 years,40 pages,English,,10.38 x 0.38 x 10.56 inches,Viking Books for Young Readers,"October 19, 2010",0670011614,978-0670011612,,,,,
https://www.amazon.com/gp/product/0061235903/ref=as_li_tl?ie=UTF8&camp=1789&creative=390957&creativeASIN=0061235903&linkCode=as2&tag=thedsponit02-20&linkId=ZLEP2CS6VVNLKAMV,Christmas,Splendiferous Christmas (Fancy Nancy),Jane O'Connor  (Author) Robin Preiss Glasser (Illustrator),4.9,1034,1.99,10.32,10.29,4 - 8 years,32 pages,English,Preschool - 2,9 x 0.38 x 11 inches,HarperCollins,"August 23, 2011",0061235903,978-0061235900,AD540L,,,,
https://www.amazon.com/gp/product/054514311X/ref=as_li_tl?ie=UTF8&camp=1789&creative=390957&creativeASIN=054514311X&linkCode=as2&tag=thedsponit02-20&linkId=FXLIZ7HDCVSAPQ5D,Christmas,"It's Christmas, David! (David Books [Shannon])","David Shannon  (Author, Illustrator)",4.8,946,10.99,11.49,17.72,3 - 7 years,32 pages,English,Preschool - 3,8.75 x 0.75 x 11 inches,The Blue Sky Press,"September 1, 2010",054514311X,978-0545143110,AD300L,,,,
https://www.amazon.com/Here-Comes-Santa-Deborah-Underwood/dp/0425287955?keywords=Here+Comes+Santa%E2%80%99s+Cat+by+Debra+Underwood&qid=1638299661&sr=8-1&linkCode=li3&tag=thedsponit02-20&linkId=341069c0d4f7ca8e7603bf0c758ff225&language=en_US&ref_=as_li_ss_il,Christmas,Here Comes Santa Cat,Deborah Underwood  (Author) Claudia Rueda  (Illustrator),4.7,105,8.99,7.99,4.24,3 - 5 years,88 pages,English,,8 x 0.27 x 7 inches,Puffin Books,"October 4, 2016",0425287955,978-0425287958,450L,,,,
https://www.amazon.com/Crayons-Christmas-Drew-Daywalt/dp/0525515747?keywords=Christmas+Farm+by+Mary+Lyn+Ray&qid=1638299924&sr=8-11&linkCode=li3&tag=thedsponit02-20&linkId=8f24042bab6597ac5254efea61fc919b&language=en_US&ref_=as_li_ss_il,Christmas,The Crayons' Christmas,Drew Daywalt  (Author) Oliver Jeffers (Illustrator),4.8,3285,,,12.6,3 - 7 years,52 pages,English,Preschool - 2,9.31 x 0.71 x 8.06 inches,Penguin Workshop,"October 15, 2019",0525515747,978-0525515746,580L,,,,
https://www.amazon.com/Construction-Christmas-Sherri-Duskey-Rinker/dp/1452139113?keywords=Construction+Site+on+Christmas+Night+by+Sherri+Duskey+Rinker&qid=1638301362&s=books&sr=1-1&linkCode=li3&tag=thedsponit02-20&linkId=58967bc0e0541314b87ff1fc2856b8ce&language=en_US&ref_=as_li_ss_il,Christmas,"Construction Site on Christmas Night: (Christmas Book for Kids, Children's Book, Holiday Picture Book) (Goodnight, Goodnight Construction Site)",Sherri Duskey Rinker  (Author) AG Ford  (Illustrator),4.9,5431,0.0,,8.49,3 - 5 years,40 pages,English,Preschool - Kindergarten,9.95 x 0.45 x 10.4 inches,Chronicle Books,"October 16, 2018",9781452139111,978-1452139111,AD590L,,,,
https://www.amazon.com/gp/product/0307989135/ref=as_li_tl?ie=UTF8&camp=1789&creative=390957&creativeASIN=0307989135&linkCode=as2&tag=thedsponit02-20&linkId=MVTPLSZWJH7CXOEA,Christmas,The Christmas Story,Jane Werner Watson  (Author) Eloise Wilkin (Illustrator),4.8,2141,3.99,9.49,3.98,2 - 5 years,24 pages,English,,6.63 x 0.19 x 8 inches,Golden Books,"January 1, 1999",0307989135,978-0307989130,,,,,
https://www.amazon.com/gp/product/0375839232/ref=as_li_tl?ie=UTF8&camp=1789&creative=390957&creativeASIN=0375839232&linkCode=as2&tag=thedsponit02-20&linkId=HN4M644IG7VGM7FS,Christmas,The Animals' Christmas Eve (Little Golden Book),Gale Wiersum  (Author) Alexandra Steele-Morgan (Illustrator),4.8,371,4.99,,3.98,2 - 5 years,24 pages,English,,6.63 x 0.19 x 8.06 inches,Golden Books,"August 14, 2007",0375839232,978-0375839238,,,,,
https://www.amazon.com/gp/product/1400071755/ref=as_li_tl?ie=UTF8&camp=1789&creative=390957&creativeASIN=1400071755&linkCode=as2&tag=thedsponit02-20&linkId=IOQXZADY2V36MUGT,Christmas,God Gave Us Christmas (God Gave Us Series),Lisa Tawn Bergren  (Author) David Hohn  (Illustrator),4.9,2367,6.99,6.99,9.89,3 - 7 years,40 pages,English,Preschool - 2,9 x 0.3 x 9 inches,WaterBrook,"October 10, 2006",1400071755,978-1400071753,,,,,
https://www.amazon.com/gp/product/141692518X/ref=as_li_tl?ie=UTF8&camp=1789&creative=390957&creativeASIN=141692518X&linkCode=as2&tag=thedsponit02-20&linkId=4WUVOUMCK3D3JEF2,Christmas,Room for a Little One: A Christmas Tale,Martin Waddell  (Author) Jason Cockcroft  (Illustrator),4.8,1114,,7.59,10.25,2 - 8 years,32 pages,English,Preschool - 3,8 x 0.4 x 8.9 inches,Margaret K. McElderry Books,"October 3, 2006",141692518X,978-1416925187,,,,,
https://www.amazon.com/gp/product/1400323991/ref=as_li_tl?ie=UTF8&camp=1789&creative=390957&creativeASIN=1400323991&linkCode=as2&tag=thedsponit02-20&linkId=MGB6Q3SDAOWG5HED,Christmas,God Bless Our Christmas (A God Bless Book),"Hannah Hall (Author), Steve Whitlow (Illustrator)",4.9,146,4.49,8.98,28.24,Baby - 4 years,20 pages,English,,8 x 0.69 x 8 inches,Thomas Nelson,"October 14, 2014",1400323991,978-1400323999,AD480L,,,,
https://www.amazon.com/gp/product/1589255968/ref=as_li_tl?ie=UTF8&camp=1789&creative=390957&creativeASIN=1589255968&linkCode=as2&tag=thedsponit02-20&linkId=DH723ZWXDXSRMSXI,Christmas,A Christmas Prayer,Tiger Tales  (Author) Sanja Rescek  (Illustrator),4.9,12,,3.68,21.75,2 - 5 years,22 pages,English,,8 x 0.75 x 8.06 inches,Tiger Tales,"September 2, 2014",1589255968,978-1589255968,AD550L,,,,
https://www.amazon.com/gp/product/0849914809/ref=as_li_tl?ie=UTF8&camp=1789&creative=390957&creativeASIN=0849914809&linkCode=as2&tag=thedsponit02-20&linkId=UJWZOOGXK43JGGKD,Christmas,The Parable Series: The Pine Tree Parable,Liz Curtis Higgs  (Author),4.8,189,5.49,2.52,7.99,3 - 7 years,36 pages,English,1 - 2,8.25 x 0.3 x 8.25 inches,Thomas Nelson,"August 1, 1997",9780849914805,978-0849914805,,,,,
https://www.amazon.com/gp/product/0805075569/ref=as_li_tl?ie=UTF8&camp=1789&creative=390957&creativeASIN=0805075569&linkCode=as2&tag=thedsponit02-20&linkId=LJ6RWPSRWHARFLFK,Christmas,This Is the Stable,Cynthia Cotten  (Author) Delana Bettoli (Illustrator),4.7,143,7.99,7.85,32.2,4 - 8 years,32 pages,English,Preschool - 3,8.4 x 0.4 x 9.24 inches,Henry Holt and Co. (BYR),"November 14, 2006",9780805075564,978-0805075564,AD720L,,,,
https://www.amazon.com/gp/product/B001UPRE3A/ref=as_li_tl?ie=UTF8&camp=1789&creative=390957&creativeASIN=B001UPRE3A&linkCode=as2&tag=thedsponit02-20&linkId=7NZLQ7LIZIQ6RZ4W,Christmas,Who Is Coming to Our House? (Board Book),Joseph Slate Ashley Wolff (Author),4.8,777,,6.99,8.31,1 - 3 years,,English,,,Putnam Pub Group,"January 1, 2001",0399234101,978-0399234101,,,,,
https://www.amazon.com/Animals-Speak-Christmas-Eve-Legend/dp/1506466435?keywords=christmas+books+for+2021&qid=1638301614&rnid=2941120011&s=books&sr=1-14&linkCode=li3&tag=thedsponit02-20&linkId=831a708d5b470a3a02b7fa638b4e0b38&language=en_US&ref_=as_li_ss_il,Christmas,The Animals Speak: A Christmas Eve Legend,Marion Dane Bauer  (Author) Brittany Baugus (Illustrator),5.0,8,12.99,,16.65,3 - 8 years,32 pages,English,Preschool - 3,9 x 0.5 x 11.25 inches,Beaming Books,"October 5, 2021",1506466435,978-1506466439,,,,,
https://www.amazon.com/gp/product/1416950494/ref=as_li_tl?ie=UTF8&camp=1789&creative=390957&creativeASIN=1416950494&linkCode=as2&tag=thedsponit02-20&linkId=CEUB6DRMMS3HQIWJ,Christmas,Mortimer's Christmas Manger,Karma Wilson  (Author) Jane Chapman  (Illustrator),4.9,762,8.99,123.71,7.42,2 - 8 years,40 pages,English,Preschool - 3,8 x 0.4 x 8 inches,Margaret K. McElderry Books,"October 2, 2007",1416950494,978-1416950493,,,,,
https://www.amazon.com/Silent-Night-Lara-Hawthorne/dp/1786030667?pd_rd_w=1YPLP&pf_rd_p=0a3ad226-8a77-4898-9a99-63ffeb1aef90&pf_rd_r=JCRR2C2AXQBG6WKSP0J9&pd_rd_r=a8b327f8-8ebf-4b55-bdb0-afc269378258&pd_rd_wg=B3gbQ&pd_rd_i=1786030667&psc=1&linkCode=li3&tag=thedsponit02-20&linkId=6c321ec77918c3d1fa19b28a0caeb1b4&language=en_US&ref_=as_li_ss_il,Christmas,Silent Night (The Christmas Choir),Lara Hawthorne  (Author),4.9,306,7.78,,8.19,3 - 6 years,32 pages,English,Preschool - 1,8.75 x 0.38 x 10.88 inches,Frances Lincoln Children's Books,"October 11, 2018",1786030667,978-1786030665,,,,,
https://www.amazon.com/gp/product/1481444255/ref=as_li_tl?ie=UTF8&camp=1789&creative=390957&creativeASIN=1481444255&linkCode=as2&tag=thedsponit02-20&linkId=A25J2UT55V4PWLRZ,Christmas,The Christmas Baby (Classic Board Books),Marion Dane Bauer  (Author) Richard Cowdrey  (Illustrator),4.7,715,6.99,6.79,14.21,2 - 4 years,34 pages,English,Preschool and up,6 x 0.9 x 6 inches,Little Simon,"September 22, 2015",1481444255,978-1481444255,AD460L,,,,
https://www.amazon.com/gp/product/0824918452/ref=as_li_tl?ie=UTF8&camp=1789&creative=390957&creativeASIN=0824918452&linkCode=as2&tag=thedsponit02-20&linkId=GWSVVTJHCL6PV6IH,Christmas,The Story of Christmas,Patricia A. Pingry  (Author),4.7,265,,6.06,5.95,2 - 5 years,22 pages,English,Preschool - Kindergarten,5.25 x 0.65 x 6.2 inches,WorthyKids,"August 25, 2010",0824918452,978-0824918453,,,,,
https://www.amazon.com/gp/product/0694012270/ref=as_li_tl?ie=UTF8&camp=1789&creative=390957&creativeASIN=0694012270&linkCode=as2&tag=thedsponit02-20&linkId=4NZR5SBSOOGSMAPL,Christmas,Christmas in the Manger,Nola Buck  (Author) Felicia Bond (Illustrator),4.8,4083,,6.28,,Baby - 4 years,16 pages,English,,6.39 x 0.38 x 6.41 inches,HarperFestival,"October 22, 1998",0694012270,978-0694012275,,,,,
https://www.amazon.com/gp/product/1589255534/ref=as_li_tl?ie=UTF8&camp=1789&creative=390957&creativeASIN=1589255534&linkCode=as2&tag=thedsponit02-20&linkId=6WVB6VTR73XF2PLA,Christmas,Is it Christmas Yet?,"Jane Chapman  (Author, Illustrator)",4.7,283,,8.08,25.59,2 - 5 years,22 pages,English,,8 x 0.77 x 7.94 inches,Tiger Tales,"September 1, 2015",1589255534,978-1589255531,AD480L,,,,
https://www.amazon.com/gp/product/0448490099/ref=as_li_tl?ie=UTF8&camp=1789&creative=390957&creativeASIN=0448490099&linkCode=as2&tag=thedsponit02-20&linkId=MVNOITSJNSV6CD7Z,Christmas,The Very Hungry Caterpillar's Christmas 123 (The World of Eric Carle),"Eric Carle  (Author, Illustrator)",4.7,137,,8.08,,Baby - 2 years,18 pages,English,,7 x 0.56 x 7 inches,World of Eric Carle,"October 13, 2015",0448490099,978-0448490090,,,,,
https://www.amazon.com/gp/product/0399173145/ref=as_li_tl?ie=UTF8&camp=1789&creative=390957&creativeASIN=0399173145&linkCode=as2&tag=thedsponit02-20&linkId=S7BW472RA7ZJEAIC,Christmas,Dream Snow,"Eric Carle  (Author, Illustrator)",4.7,1497,,15.56,18.76,Baby - 3 years,22 pages,English,,7.06 x 0.75 x 7 inches,World of Eric Carle,"October 13, 2015",0399173145,978-0399173141,AD510L,,,,
https://www.amazon.com/gp/product/1481448374/ref=as_li_tl?ie=UTF8&camp=1789&creative=390957&creativeASIN=1481448374&linkCode=as2&tag=thedsponit02-20&linkId=2QV6NVBSKJBC42J2,Christmas,The Itsy Bitsy Snowman,Jeffrey Burton  (Author) Sanja Rescek (Illustrator),4.8,1233,4.99,5.65,,2 - 4 years,16 pages,English,Preschool and up,5.5 x 0.7 x 5.5 inches,Little Simon,"September 22, 2015",1481448374,978-1481448376,AD570L,,,,
https://www.amazon.com/gp/product/1585369187/ref=as_li_tl?ie=UTF8&camp=1789&creative=390957&creativeASIN=1585369187&linkCode=as2&tag=thedsponit02-20&linkId=EY3G33JBXJ4O6P3L,Christmas,Grandma's Christmas Wish,Helen Foster James  (Author) Petra Brown (Illustrator),4.8,80,0.0,8.99,15.99,Baby - 6 years,32 pages,English,Preschool - 1,10.3 x 0.4 x 10.3 inches,Sleeping Bear Press,"September 1, 2015",1585369187,978-1585369188,,,,,
https://www.amazon.com/gp/product/0312518986/ref=as_li_tl?ie=UTF8&camp=1789&creative=390957&creativeASIN=0312518986&linkCode=as2&tag=thedsponit02-20&linkId=D6HPHZQURFB3NTT5,Christmas,Lift-the-Flap Tab: Santa's Workshop (Lift-the-Flap Tab Books),Roger Priddy (Author),4.7,176,,8.99,,2 - 4 years,16 pages,English,,8.21 x 0.59 x 8.29 inches,Priddy Books US,"September 8, 2015",0312518986,978-0312518981,,,,,
https://www.amazon.com/gp/product/0310708915/ref=as_li_tl?ie=UTF8&camp=1789&creative=390957&creativeASIN=0310708915&linkCode=as2&tag=thedsponit02-20&linkId=AJLVO5E2O5O3ZXGV,Christmas,J Is for Jesus: The Sweetest Story Ever Told,Crystal Bowman  (Author) Claudine Gevry (Illustrator),4.7,155,,,,2 - 5 years,20 pages,English,1 - 2,8.5 x 0.47 x 10.98 inches,Zonderkidz,"September 4, 2005",0310708915,978-0310708919,,,,,
https://www.amazon.com/gp/product/0061978655/ref=as_li_tl?ie=UTF8&camp=1789&creative=390957&creativeASIN=0061978655&linkCode=as2&tag=thedsponit02-20&linkId=OT4UN7TX6TGPKXXT,Christmas,Splat the Cat: Christmas Countdown,"Rob Scotton  (Author, Illustrator)",4.7,332,0.0,2.03,17.99,Baby - 4 years,12 pages,English,Preschool and up,7 x 0.75 x 7.25 inches,HarperFestival,"October 6, 2015",0061978655,978-0061978654,,,,,
https://www.amazon.com/gp/product/031250652X/ref=as_li_tl?ie=UTF8&camp=1789&creative=390957&creativeASIN=031250652X&linkCode=as2&tag=thedsponit02-20&linkId=OP6LZBBD2QZ3LTBH,Christmas,Merry Christmas (Bright Baby Touch and Feel),Roger Priddy  (Author),4.5,773,0.0,4.95,,1 - 3 years,10 pages,English,,4.8 x 0.6 x 5.92 inches,Priddy Books US,"September 15, 2009",031250652X,978-0312506520,,,,,
https://www.amazon.com/gp/product/0316070033/ref=as_li_tl?ie=UTF8&camp=1789&creative=390957&creativeASIN=0316070033&linkCode=as2&tag=thedsponit02-20&linkId=FVNDZX4PE6XWDFSU,Christmas,"Merry Christmas, Little One! (Padded Cloth Covers with Lift-the-Flaps)",Sandra Magsamen  (Author),4.3,80,,7.99,8.0,3 years and up,10 pages,English,Preschool and up,7.33 x 0.65 x 7.5 inches,LB Kids,"October 5, 2010",0316070033,978-0316070034,,,,,
https://www.amazon.com/gp/product/1416971459/ref=as_li_tl?ie=UTF8&camp=1789&creative=390957&creativeASIN=1416971459&linkCode=as2&tag=thedsponit02-20&linkId=PBQ2AZUTL7R4ISQ2,Christmas,Where Is Baby's Christmas Present?: A Lift-the-Flap Book (Karen Katz Lift-the-Flap Books),"Karen Katz  (Author, Illustrator)",4.8,470,,6.98,,1 - 4 years,14 pages,English,Preschool and up,6.63 x 0.4 x 7.38 inches,Little Simon,"October 6, 2009",1416971459,978-1416971450,,,,,
https://www.amazon.com/gp/product/1465409300/ref=as_li_tl?ie=UTF8&camp=1789&creative=390957&creativeASIN=1465409300&linkCode=as2&tag=thedsponit02-20&linkId=YTYMYGZBGCB6MFWT,Christmas,Pop-Up Peekaboo! Christmas,DK (Author),4.7,662,,7.49,28.31,Baby - 3 years,12 pages,English,Preschool and up,8.54 x 1.04 x 8.5 inches,DK Children,"August 19, 2013",1465409300,978-1465409300,,,,,
https://www.amazon.com/gp/product/0756605024/ref=as_li_tl?ie=UTF8&camp=1789&creative=390957&creativeASIN=0756605024&linkCode=as2&tag=thedsponit02-20&linkId=WB5DSOXVORS5DA5J,Christmas,My First Christmas Board Book (My 1st Board Books),DK Publishing  (Author),4.5,30,,5.37,29.49,2 - 3 years,36 pages,English,,4.75 x 0.82 x 5.94 inches,DK Children,"September 18, 2006",0756605024,978-0756605025,,,,,
https://www.amazon.com/gp/product/075666683X/ref=as_li_tl?ie=UTF8&camp=1789&creative=390957&creativeASIN=075666683X&linkCode=as2&tag=thedsponit02-20&linkId=NDOLQUPVPJGUY355,Christmas,Baby Touch and Feel: Christmas (BABY TOUCH & FEEL),DK Publishing (Author),4.6,359,,11.65,,5 years and up,14 pages,English,Preschool and up,5.45 x 1.1 x 5.45 inches,DK Children,"August 30, 2010",075666683X,978-0756666835,,,,,
https://www.amazon.com/gp/product/0375871128/ref=as_li_tl?ie=UTF8&camp=1789&creative=390957&creativeASIN=0375871128&linkCode=as2&tag=thedsponit02-20&linkId=PXKULL32FM4LUUI7,Christmas,"Duck & Goose, It's Time for Christmas! (Oversized Board Book)","Tad Hills  (Author, Illustrator)",4.7,663,6.99,9.39,19.98,Baby - 3 years,22 pages,English,,9.5 x 0.57 x 10.5 inches,Schwartz & Wade,"September 13, 2011",0375871128,978-0375871122,AD260L,,,,
https://www.amazon.com/gp/product/1859859216/ref=as_li_tl?ie=UTF8&camp=1789&creative=390957&creativeASIN=1859859216&linkCode=as2&tag=thedsponit02-20&linkId=2BDHK2O3QLYAIUJ7,Christmas,The Nativity Story (Candle Bible for Kids),Juliet David  (Author) Jo Parry (Illustrator),4.4,342,3.03,,,3 - 5 years,12 pages,English,Preschool - Kindergarten,4.96 x 0.3 x 4.96 inches,Candle Books,"September 23, 2011",9781859859216,978-1859859216,,,,,
https://www.amazon.com/gp/product/0794431984/ref=as_li_tl?ie=UTF8&camp=1789&creative=390957&creativeASIN=0794431984&linkCode=as2&tag=thedsponit02-20&linkId=JCSSRCFEIZFR5CXC,Christmas,Fisher-Price Little People: The Story of Christmas (Boardbooks - Board Book),Fisher-Price  (Author),4.7,150,,14.92,28.43,2 - 5 years,10 pages,English,Preschool - Kindergarten,5.5 x 0.3 x 7 inches,Studio Fun International,"September 30, 2014",0794431984,978-0794431983,510,,,,
https://www.amazon.com/gp/product/9966153594/ref=as_li_tl?ie=UTF8&camp=1789&creative=390957&creativeASIN=9966153594&linkCode=as2&tag=thedsponit-20&linkId=J5WJB5GRSHIIMPSP,Christmas,A Kenyan Christmas: 2nd Edition (Akinyi and Friends),"Aunty Kiko (Author), Moses Wanjuki (Illustrator)",4.0,4,,9.25,,,30 pages,English,,8.5 x 0.08 x 8.5 inches,,"October 23, 2014",9966153594,978-9966153593,,,,,
https://www.amazon.com/gp/product/0152001212/ref=as_li_tl?ie=UTF8&camp=1789&creative=390957&creativeASIN=0152001212&linkCode=as2&tag=thedsponit-20&linkId=T3EXTV3YRRDLUXNG,Christmas,Night Tree,Eve Bunting  (Author) Ted Rand (Illustrator),4.8,741,,4.99,,4 - 7 years,32 pages,English,Preschool - 3,10.94 x 8.47 x 0.15 inches,Clarion Books,"October 31, 1994",0152001212,978-0152001216,AD690L,,,,
https://amzn.to/2RoDDGY,New Years,The Night Before New Year's,Natasha Wing  (Author) Amy Wummer (Illustrator),4.8,599,4.99,4.99,,3 - 5 years,32 pages,English,,8.02 x 0.11 x 8 inches,Grosset & Dunlap,"November 25, 2009",044845212X,978-0448452128,AD730L,,,,
https://amzn.to/2qr5vPF,New Years,P. Bear's New Year's Party: A Counting Book,"Owen Paul Lewis (Author), Paul Owen Lewis  (Illustrator)",4.5,15,,2.99,21.0,2 - 4 years,32 pages,English,,8.5 x 0.5 x 8.5 inches,Tricycle Pr,"February 1, 1999",1582460027,978-1582460024,,,,,
https://amzn.to/38eCwjc,New Years,Freedom Soup,Tami Charles  (Author) Jacqueline Alcántara (Illustrator),4.9,213,5.99,14.99,14.49,5 - 9 years,32 pages,English,Kindergarten - 4,9.37 x 0.36 x 11 inches,Candlewick,"December 10, 2019",0763689777,978-0763689773,,,,,
https://amzn.to/2rXgtN6,New Years,Shante Keys and the New Year's Peas,Gail Piernas-Davenport  (Author) Marion Eldridge (Illustrator),4.8,230,5.99,7.99,,4 - 8 years,32 pages,English,Preschool - 3,10.75 x 0.1 x 8.5 inches,Albert Whitman & Company,"October 1, 2017",0807573310,978-0807573310,,,,,
https://amzn.to/38eIWii,New Years,"Happy New Year, Everywhere",Arlene Erlbach  (Author),5.0,4,,135.78,,5 - 10 years,48 pages,English,3 - 4,11.24 x 0.41 x 8.64 inches,Millbrook Press,"July 29, 2000",0761317074,978-0761317074,,,,,
https://amzn.to/2LrjIDc,New Years,Every Month Is a New Year: Celebrations Around the World,"Marilyn Singer (Author), Susan L. Roth (Illustrator)",4.4,30,,,18.79,7 - 10 years,48 pages,English,2 - 3,9.5 x 0.4 x 11.2 inches,Lee & Low Books,"May 15, 2018",1620141620,978-1620141625,,,,,
https://amzn.to/2LrbwCZ,New Years,I Need a New Butt!,Dawn McMillan  (Author) Ross Kinnaird (Author),4.7,16684,5.2,13.52,,6 - 10 years,32 pages,English,1 - 5,8.21 x 0.29 x 11.17 inches,Dover Publications,"August 20, 2014",0486787990,978-0486787992,,,,,
https://amzn.to/2DOHvZV,New Years,Whistle for Willie,Ezra Jack Keats  (Author),4.9,1008,7.99,7.99,17.99,Baby - 2 years,32 pages,English,,5.81 x 0.82 x 5.38 inches,Viking Books for Young Readers,"May 1, 1998",0670880469,978-0670880461,AD490L,,,,
https://amzn.to/38dmN3w,New Years,After the Fall (How Humpty Dumpty Got Back Up Again),"Dan Santat  (Author, Illustrator)",4.8,3103,10.99,13.19,9.99,4 - 8 years,40 pages,English,,8.85 x 0.49 x 11.33 inches,Roaring Brook Press,"October 3, 2017",1626726825,978-1626726826,AD550L,,,,
https://amzn.to/2YmqiQJ,New Years,Squirrel's New Year's Resolution,Pat Miller  (Author) Kathi Ember (Illustrator),4.8,716,5.99,6.7,33.96,4 - 8 years,32 pages,English,Preschool - 3,8 x 0.3 x 10 inches,Albert Whitman & Company,"October 1, 2017",0807575925,978-0807575925,AD520L,,,,
